user_id,quiz_session_id,question_id,category,difficulty,selected_answer,correct_answer,is_correct,reward,attempt_number,timestamp
164,sess-164-496512,8,history,medium,D,D,True,1.0,1,1787446204.5210493
71,sess-71-496513,16,science,hard,D,D,True,1.0,1,1787446852.6830897
189,sess-189-496513,7,movies,easy,D,A,False,0.0,1,1787447500.8451302
23,sess-23-496513,38,music,hard,C,C,True,1.0,1,1787448149.0071707
8,sess-8-496513,6,history,hard,B,B,True,1.0,1,1787448797.1692114
130,sess-130-496513,39,movies,medium,D,D,True,1.0,1,1787449445.3312519
51,sess-51-496513,46,music,hard,A,A,True,1.0,1,1787450093.4932923
140,sess-140-496514,27,movies,hard,B,B,True,1.0,1,1787450741.6553328
151,sess-151-496514,18,movies,easy,A,C,False,0.0,1,1787451389.8173733
195,sess-195-496514,52,music,medium,A,A,True,1.0,1,1787452037.9794137
109,sess-109-496514,22,sports,hard,C,C,True,1.0,1,1787452686.1414545
56,sess-56-496514,49,geography,medium,A,A,True,1.0,1,1787453334.303495
24,sess-24-496514,25,music,hard,C,C,True,1.0,1,1787453982.4655354
89,sess-89-496515,39,movies,medium,D,D,True,1.0,1,1787454630.6275759
12,sess-12-496515,47,music,hard,A,A,True,1.0,1,1787455278.7896163
32,sess-32-496515,60,science,hard,D,D,True,1.0,1,1787455926.9516568
142,sess-142-496515,19,science,hard,D,A,False,0.0,1,1787456575.1136975
93,sess-93-496515,37,history,hard,B,B,True,1.0,1,1787457223.275738
18,sess-18-496516,3,music,easy,C,B,False,0.0,1,1787457871.4377785
21,sess-21-496516,55,movies,medium,A,A,True,1.0,1,1787458519.599819
26,sess-26-496516,25,music,hard,C,C,True,1.0,1,1787459167.7618594
163,sess-163-496516,54,movies,hard,B,B,True,1.0,1,1787459815.9239
95,sess-95-496516,23,history,medium,C,C,True,1.0,1,1787460464.0859406
69,sess-69-496516,45,movies,medium,C,D,False,0.0,1,1787461112.247981
19,sess-19-496517,39,movies,medium,D,D,True,1.0,1,1787461760.4100215
137,sess-137-496517,47,music,hard,A,A,True,1.0,1,1787462408.572062
119,sess-119-496517,25,music,hard,C,C,True,1.0,1,1787463056.7341025
164,sess-164-496517,45,movies,medium,D,D,True,1.0,1,1787463704.896143
176,sess-176-496517,21,science,medium,A,B,False,0.0,1,1787464353.0581834
59,sess-59-496518,53,history,medium,B,B,True,1.0,1,1787465001.2202241
81,sess-81-496518,26,movies,hard,A,A,True,1.0,1,1787465649.3822646
55,sess-55-496518,59,science,hard,D,A,False,0.0,1,1787466297.544305
81,sess-81-496518,14,science,hard,B,C,False,0.0,1,1787466945.7063456
165,sess-165-496518,30,music,medium,B,B,True,1.0,1,1787467593.868386
36,sess-36-496518,16,science,hard,C,D,False,0.0,1,1787468242.0304265
68,sess-68-496519,48,music,medium,C,C,True,1.0,1,1787468890.1924672
150,sess-150-496519,26,movies,hard,A,A,True,1.0,1,1787469538.3545077
36,sess-36-496519,33,history,hard,A,A,True,1.0,1,1787470186.5165482
194,sess-194-496519,4,movies,medium,B,A,False,0.0,1,1787470834.6785886
161,sess-161-496519,11,history,medium,C,B,False,0.0,1,1787471482.840629
153,sess-153-496520,5,science,easy,A,A,True,1.0,1,1787472131.0026696
153,sess-153-496520,30,music,medium,B,B,True,1.0,1,1787472779.1647103
142,sess-142-496520,56,science,easy,C,D,False,0.0,1,1787473427.3267508
185,sess-185-496520,8,history,medium,C,D,False,0.0,1,1787474075.4887912
193,sess-193-496520,18,movies,easy,B,C,False,0.0,1,1787474723.6508317
29,sess-29-496520,19,science,hard,A,A,True,1.0,1,1787475371.8128722
117,sess-117-496521,1,science,hard,D,A,False,0.0,1,1787476019.9749126
68,sess-68-496521,33,history,hard,D,A,False,0.0,1,1787476668.1369534
28,sess-28-496521,56,science,easy,D,D,True,1.0,1,1787477316.2989938
164,sess-164-496521,33,history,hard,A,A,True,1.0,1,1787477964.4610343
40,sess-40-496521,24,history,hard,D,C,False,0.0,1,1787478612.6230748
200,sess-200-496522,60,science,hard,D,D,True,1.0,1,1787479260.7851152
1,sess-1-496522,39,movies,medium,D,D,True,1.0,1,1787479908.9471557
5,sess-5-496522,8,history,medium,B,D,False,0.0,1,1787480557.1091962
62,sess-62-496522,4,movies,medium,A,A,True,1.0,1,1787481205.271237
146,sess-146-496522,6,history,hard,B,B,True,1.0,1,1787481853.4332774
125,sess-125-496522,53,history,medium,B,B,True,1.0,1,1787482501.5953178
195,sess-195-496523,35,sports,hard,A,D,False,0.0,1,1787483149.7573583
169,sess-169-496523,31,history,easy,B,A,False,0.0,1,1787483797.9193988
68,sess-68-496523,34,history,hard,B,C,False,0.0,1,1787484446.0814393
55,sess-55-496523,60,science,hard,D,D,True,1.0,1,1787485094.24348
187,sess-187-496523,45,movies,medium,D,D,True,1.0,1,1787485742.4055204
80,sess-80-496523,26,movies,hard,D,A,False,0.0,1,1787486390.567561
96,sess-96-496524,29,geography,hard,B,D,False,0.0,1,1787487038.7296014
31,sess-31-496524,16,science,hard,D,D,True,1.0,1,1787487686.8916419
87,sess-87-496524,2,history,easy,C,C,True,1.0,1,1787488335.0536823
59,sess-59-496524,38,music,hard,C,C,True,1.0,1,1787488983.215723
19,sess-19-496524,46,music,hard,A,A,True,1.0,1,1787489631.3777635
59,sess-59-496525,5,science,easy,C,A,False,0.0,1,1787490279.539804
19,sess-19-496525,33,history,hard,A,A,True,1.0,1,1787490927.7018445
172,sess-172-496525,32,sports,medium,C,C,True,1.0,1,1787491575.863885
34,sess-34-496525,47,music,hard,D,A,False,0.0,1,1787492224.0259254
148,sess-148-496525,31,history,easy,A,A,True,1.0,1,1787492872.187966
122,sess-122-496525,52,music,medium,A,A,True,1.0,1,1787493520.3500066
25,sess-25-496526,7,movies,easy,C,A,False,0.0,1,1787494168.512047
109,sess-109-496526,27,movies,hard,B,B,True,1.0,1,1787494816.6740875
187,sess-187-496526,4,movies,medium,D,A,False,0.0,1,1787495464.836128
26,sess-26-496526,4,movies,medium,A,A,True,1.0,1,1787496112.9981685
87,sess-87-496526,52,music,medium,B,A,False,0.0,1,1787496761.160209
50,sess-50-496527,13,geography,medium,A,A,True,1.0,1,1787497409.3222497
36,sess-36-496527,28,history,medium,B,B,True,1.0,1,1787498057.4842901
119,sess-119-496527,16,science,hard,A,D,False,0.0,1,1787498705.6463306
114,sess-114-496527,52,music,medium,D,A,False,0.0,1,1787499353.808371
26,sess-26-496527,4,movies,medium,D,A,False,0.0,2,1787500001.9704115
4,sess-4-496527,6,history,hard,A,B,False,0.0,1,1787500650.132452
43,sess-43-496528,27,movies,hard,B,B,True,1.0,1,1787501298.2944927
55,sess-55-496528,56,science,easy,D,D,True,1.0,1,1787501946.4565332
16,sess-16-496528,11,history,medium,B,B,True,1.0,1,1787502594.6185737
100,sess-100-496528,17,music,hard,B,C,False,0.0,1,1787503242.7806141
74,sess-74-496528,28,history,medium,D,B,False,0.0,1,1787503890.9426546
143,sess-143-496529,43,music,medium,A,B,False,0.0,1,1787504539.104695
49,sess-49-496529,19,science,hard,A,A,True,1.0,1,1787505187.2667358
15,sess-15-496529,38,music,hard,A,C,False,0.0,1,1787505835.4287763
192,sess-192-496529,21,science,medium,B,B,True,1.0,1,1787506483.5908167
150,sess-150-496529,31,history,easy,A,A,True,1.0,1,1787507131.7528572
136,sess-136-496529,11,history,medium,B,B,True,1.0,1,1787507779.9148977
131,sess-131-496530,6,history,hard,A,B,False,0.0,1,1787508428.0769382
153,sess-153-496530,5,science,easy,B,A,False,0.0,2,1787509076.2389786
104,sess-104-496530,8,history,medium,C,D,False,0.0,1,1787509724.4010193
64,sess-64-496530,38,music,hard,C,C,True,1.0,1,1787510372.5630598
159,sess-159-496530,6,history,hard,B,B,True,1.0,1,1787511020.7251003
150,sess-150-496531,37,history,hard,B,B,True,1.0,1,1787511668.8871408
67,sess-67-496531,14,science,hard,B,C,False,0.0,1,1787512317.0491812
62,sess-62-496531,17,music,hard,C,C,True,1.0,1,1787512965.2112217
172,sess-172-496531,42,history,hard,A,A,True,1.0,1,1787513613.3732624
81,sess-81-496531,60,science,hard,A,D,False,0.0,1,1787514261.5353029
3,sess-3-496531,30,music,medium,B,B,True,1.0,1,1787514909.6973433
145,sess-145-496532,7,movies,easy,A,A,True,1.0,1,1787515557.8593838
55,sess-55-496532,33,history,hard,A,A,True,1.0,1,1787516206.0214243
90,sess-90-496532,57,geography,easy,C,C,True,1.0,1,1787516854.1834648
63,sess-63-496532,24,history,hard,C,C,True,1.0,1,1787517502.3455055
113,sess-113-496532,54,movies,hard,B,B,True,1.0,1,1787518150.507546
78,sess-78-496532,40,history,easy,D,C,False,0.0,1,1787518798.6695864
136,sess-136-496533,1,science,hard,D,A,False,0.0,1,1787519446.831627
77,sess-77-496533,60,science,hard,A,D,False,0.0,1,1787520094.9936674
68,sess-68-496533,8,history,medium,C,D,False,0.0,1,1787520743.1557078
142,sess-142-496533,10,geography,medium,D,D,True,1.0,1,1787521391.3177485
155,sess-155-496533,14,science,hard,A,C,False,0.0,1,1787522039.479789
176,sess-176-496534,41,science,easy,C,D,False,0.0,1,1787522687.6418295
126,sess-126-496534,17,music,hard,A,C,False,0.0,1,1787523335.80387
24,sess-24-496534,41,science,easy,D,D,True,1.0,1,1787523983.9659104
71,sess-71-496534,3,music,easy,B,B,True,1.0,1,1787524632.127951
198,sess-198-496534,9,science,easy,C,C,True,1.0,1,1787525280.2899914
68,sess-68-496534,11,history,medium,D,B,False,0.0,1,1787525928.452032
181,sess-181-496535,28,history,medium,B,B,True,1.0,1,1787526576.6140726
29,sess-29-496535,5,science,easy,D,A,False,0.0,1,1787527224.776113
39,sess-39-496535,35,sports,hard,D,D,True,1.0,1,1787527872.9381535
95,sess-95-496535,38,music,hard,C,C,True,1.0,1,1787528521.100194
111,sess-111-496535,9,science,easy,C,C,True,1.0,1,1787529169.2622344
94,sess-94-496536,58,history,hard,B,A,False,0.0,1,1787529817.4242752
92,sess-92-496536,14,science,hard,D,C,False,0.0,1,1787530465.5863156
27,sess-27-496536,23,history,medium,B,C,False,0.0,1,1787531113.748356
159,sess-159-496536,48,music,medium,C,C,True,1.0,1,1787531761.9103966
61,sess-61-496536,56,science,easy,D,D,True,1.0,1,1787532410.072437
46,sess-46-496536,57,geography,easy,C,C,True,1.0,1,1787533058.2344775
46,sess-46-496537,48,music,medium,B,C,False,0.0,1,1787533706.3965182
172,sess-172-496537,56,science,easy,A,D,False,0.0,1,1787534354.5585587
69,sess-69-496537,11,history,medium,A,B,False,0.0,1,1787535002.7205992
98,sess-98-496537,56,science,easy,D,D,True,1.0,1,1787535650.8826396
121,sess-121-496537,15,movies,easy,D,D,True,1.0,1,1787536299.04468
118,sess-118-496538,23,history,medium,C,C,True,1.0,1,1787536947.2067206
59,sess-59-496538,15,movies,easy,D,D,True,1.0,1,1787537595.3687613
50,sess-50-496538,26,movies,hard,A,A,True,1.0,1,1787538243.5308018
18,sess-18-496538,50,sports,easy,B,B,True,1.0,1,1787538891.6928422
165,sess-165-496538,33,history,hard,A,A,True,1.0,1,1787539539.8548827
138,sess-138-496538,22,sports,hard,A,C,False,0.0,1,1787540188.0169232
67,sess-67-496539,12,science,medium,A,A,True,1.0,1,1787540836.1789637
68,sess-68-496539,3,music,easy,B,B,True,1.0,1,1787541484.3410041
112,sess-112-496539,23,history,medium,B,C,False,0.0,1,1787542132.5030448
112,sess-112-496539,39,movies,medium,A,D,False,0.0,1,1787542780.6650853
99,sess-99-496539,58,history,hard,A,A,True,1.0,1,1787543428.8271258
66,sess-66-496540,3,music,easy,A,B,False,0.0,1,1787544076.9891663
134,sess-134-496540,60,science,hard,C,D,False,0.0,1,1787544725.1512067
185,sess-185-496540,48,music,medium,A,C,False,0.0,1,1787545373.3132472
94,sess-94-496540,28,history,medium,B,B,True,1.0,1,1787546021.475288
171,sess-171-496540,59,science,hard,A,A,True,1.0,1,1787546669.6373284
81,sess-81-496540,43,music,medium,D,B,False,0.0,1,1787547317.7993689
77,sess-77-496541,33,history,hard,A,A,True,1.0,1,1787547965.9614093
105,sess-105-496541,21,science,medium,B,B,True,1.0,1,1787548614.1234498
76,sess-76-496541,36,history,medium,D,D,True,1.0,1,1787549262.2854903
108,sess-108-496541,43,music,medium,D,B,False,0.0,1,1787549910.447531
192,sess-192-496541,58,history,hard,A,A,True,1.0,1,1787550558.6095715
146,sess-146-496542,20,geography,easy,B,B,True,1.0,1,1787551206.771612
1,sess-1-496542,20,geography,easy,B,B,True,1.0,1,1787551854.9336524
111,sess-111-496542,51,movies,easy,C,C,True,1.0,1,1787552503.0956929
168,sess-168-496542,21,science,medium,B,B,True,1.0,1,1787553151.2577333
114,sess-114-496542,44,sports,medium,A,A,True,1.0,1,1787553799.419774
122,sess-122-496542,51,movies,easy,D,C,False,0.0,1,1787554447.5818145
44,sess-44-496543,43,music,medium,B,B,True,1.0,1,1787555095.743855
132,sess-132-496543,43,music,medium,B,B,True,1.0,1,1787555743.9058955
86,sess-86-496543,6,history,hard,A,B,False,0.0,1,1787556392.067936
173,sess-173-496543,20,geography,easy,B,B,True,1.0,1,1787557040.2299764
51,sess-51-496543,10,geography,medium,D,D,True,1.0,1,1787557688.392017
63,sess-63-496543,31,history,easy,A,A,True,1.0,1,1787558336.5540576
197,sess-197-496544,5,science,easy,A,A,True,1.0,1,1787558984.716098
162,sess-162-496544,37,history,hard,B,B,True,1.0,1,1787559632.8781385
179,sess-179-496544,25,music,hard,C,C,True,1.0,1,1787560281.040179
63,sess-63-496544,10,geography,medium,A,D,False,0.0,1,1787560929.2022195
193,sess-193-496544,56,science,easy,A,D,False,0.0,1,1787561577.36426
200,sess-200-496545,28,history,medium,B,B,True,1.0,1,1787562225.5263007
179,sess-179-496545,34,history,hard,C,C,True,1.0,1,1787562873.6883411
143,sess-143-496545,16,science,hard,A,D,False,0.0,1,1787563521.8503816
117,sess-117-496545,9,science,easy,D,C,False,0.0,1,1787564170.012422
136,sess-136-496545,36,history,medium,D,D,True,1.0,1,1787564818.1744626
194,sess-194-496545,58,history,hard,A,A,True,1.0,1,1787565466.336503
185,sess-185-496546,58,history,hard,A,A,True,1.0,1,1787566114.4985437
141,sess-141-496546,29,geography,hard,C,D,False,0.0,1,1787566762.6605842
122,sess-122-496546,29,geography,hard,D,D,True,1.0,1,1787567410.8226247
64,sess-64-496546,54,movies,hard,B,B,True,1.0,1,1787568058.9846652
197,sess-197-496546,50,sports,easy,B,B,True,1.0,1,1787568707.1467056
161,sess-161-496547,16,science,hard,D,D,True,1.0,1,1787569355.308746
20,sess-20-496547,46,music,hard,A,A,True,1.0,1,1787570003.4707868
70,sess-70-496547,22,sports,hard,C,C,True,1.0,1,1787570651.6328273
139,sess-139-496547,6,history,hard,B,B,True,1.0,1,1787571299.7948678
60,sess-60-496547,25,music,hard,D,C,False,0.0,1,1787571947.9569082
55,sess-55-496547,5,science,easy,A,A,True,1.0,1,1787572596.1189487
85,sess-85-496548,35,sports,hard,D,D,True,1.0,1,1787573244.2809892
16,sess-16-496548,14,science,hard,B,C,False,0.0,1,1787573892.4430296
198,sess-198-496548,38,music,hard,A,C,False,0.0,1,1787574540.6050704
196,sess-196-496548,37,history,hard,B,B,True,1.0,1,1787575188.7671108
2,sess-2-496548,23,history,medium,C,C,True,1.0,1,1787575836.9291513
100,sess-100-496549,55,movies,medium,C,A,False,0.0,1,1787576485.0911918
138,sess-138-496549,48,music,medium,D,C,False,0.0,1,1787577133.2532322
57,sess-57-496549,32,sports,medium,C,C,True,1.0,1,1787577781.4152727
112,sess-112-496549,32,sports,medium,C,C,True,1.0,1,1787578429.5773134
87,sess-87-496549,43,music,medium,C,B,False,0.0,1,1787579077.739354
186,sess-186-496549,11,history,medium,A,B,False,0.0,1,1787579725.9013944
160,sess-160-496550,35,sports,hard,D,D,True,1.0,1,1787580374.0634348
101,sess-101-496550,38,music,hard,C,C,True,1.0,1,1787581022.2254753
7,sess-7-496550,6,history,hard,B,B,True,1.0,1,1787581670.3875158
35,sess-35-496550,56,science,easy,D,D,True,1.0,1,1787582318.5495565
13,sess-13-496550,17,music,hard,C,C,True,1.0,1,1787582966.711597
55,sess-55-496551,30,music,medium,B,B,True,1.0,1,1787583614.8736374
195,sess-195-496551,57,geography,easy,C,C,True,1.0,1,1787584263.035678
193,sess-193-496551,54,movies,hard,B,B,True,1.0,1,1787584911.1977184
21,sess-21-496551,31,history,easy,A,A,True,1.0,1,1787585559.3597589
139,sess-139-496551,4,movies,medium,C,A,False,0.0,1,1787586207.5217996
58,sess-58-496551,42,history,hard,A,A,True,1.0,1,1787586855.68384
167,sess-167-496552,3,music,easy,A,B,False,0.0,1,1787587503.8458805
52,sess-52-496552,54,movies,hard,B,B,True,1.0,1,1787588152.007921
40,sess-40-496552,16,science,hard,D,D,True,1.0,1,1787588800.1699615
172,sess-172-496552,8,history,medium,D,D,True,1.0,1,1787589448.332002
56,sess-56-496552,30,music,medium,C,B,False,0.0,1,1787590096.4940424
43,sess-43-496552,39,movies,medium,D,D,True,1.0,1,1787590744.656083
192,sess-192-496553,46,music,hard,A,A,True,1.0,1,1787591392.8181236
42,sess-42-496553,20,geography,easy,B,B,True,1.0,1,1787592040.980164
7,sess-7-496553,60,science,hard,D,D,True,1.0,1,1787592689.1422045
174,sess-174-496553,59,science,hard,C,A,False,0.0,1,1787593337.304245
184,sess-184-496553,13,geography,medium,A,A,True,1.0,1,1787593985.4662855
177,sess-177-496554,54,movies,hard,B,B,True,1.0,1,1787594633.6283262
27,sess-27-496554,45,movies,medium,C,D,False,0.0,1,1787595281.7903666
154,sess-154-496554,52,music,medium,A,A,True,1.0,1,1787595929.9524071
145,sess-145-496554,51,movies,easy,C,C,True,1.0,1,1787596578.1144476
137,sess-137-496554,28,history,medium,A,B,False,0.0,1,1787597226.276488
130,sess-130-496554,42,history,hard,A,A,True,1.0,1,1787597874.4385285
108,sess-108-496555,53,history,medium,B,B,True,1.0,1,1787598522.6005692
111,sess-111-496555,24,history,hard,C,C,True,1.0,1,1787599170.7626097
118,sess-118-496555,46,music,hard,A,A,True,1.0,1,1787599818.9246502
46,sess-46-496555,47,music,hard,A,A,True,1.0,1,1787600467.0866907
167,sess-167-496555,18,movies,easy,C,C,True,1.0,1,1787601115.2487311
138,sess-138-496556,50,sports,easy,B,B,True,1.0,1,1787601763.4107716
112,sess-112-496556,53,history,medium,C,B,False,0.0,1,1787602411.5728123
83,sess-83-496556,55,movies,medium,A,A,True,1.0,1,1787603059.7348528
23,sess-23-496556,18,movies,easy,A,C,False,0.0,1,1787603707.8968933
193,sess-193-496556,30,music,medium,B,B,True,1.0,1,1787604356.0589337
172,sess-172-496556,25,music,hard,C,C,True,1.0,1,1787605004.2209742
127,sess-127-496557,55,movies,medium,A,A,True,1.0,1,1787605652.3830147
125,sess-125-496557,14,science,hard,C,C,True,1.0,1,1787606300.5450552
67,sess-67-496557,22,sports,hard,C,C,True,1.0,1,1787606948.7070959
153,sess-153-496557,45,movies,medium,C,D,False,0.0,1,1787607596.8691363
3,sess-3-496557,34,history,hard,A,C,False,0.0,1,1787608245.0311768
62,sess-62-496558,47,music,hard,A,A,True,1.0,1,1787608893.1932173
143,sess-143-496558,49,geography,medium,A,A,True,1.0,1,1787609541.3552577
122,sess-122-496558,42,history,hard,C,A,False,0.0,1,1787610189.5172982
5,sess-5-496558,6,history,hard,B,B,True,1.0,1,1787610837.679339
104,sess-104-496558,45,movies,medium,D,D,True,1.0,1,1787611485.8413794
170,sess-170-496558,38,music,hard,C,C,True,1.0,1,1787612134.0034199
142,sess-142-496559,34,history,hard,C,C,True,1.0,1,1787612782.1654603
191,sess-191-496559,36,history,medium,D,D,True,1.0,1,1787613430.3275008
180,sess-180-496559,30,music,medium,B,B,True,1.0,1,1787614078.4895413
65,sess-65-496559,15,movies,easy,D,D,True,1.0,1,1787614726.651582
50,sess-50-496559,21,science,medium,B,B,True,1.0,1,1787615374.8136225
138,sess-138-496560,49,geography,medium,B,A,False,0.0,1,1787616022.975663
56,sess-56-496560,48,music,medium,C,C,True,1.0,1,1787616671.1377034
186,sess-186-496560,38,music,hard,D,C,False,0.0,1,1787617319.299744
153,sess-153-496560,19,science,hard,B,A,False,0.0,1,1787617967.4617844
76,sess-76-496560,15,movies,easy,D,D,True,1.0,1,1787618615.623825
78,sess-78-496560,1,science,hard,B,A,False,0.0,1,1787619263.7858655
71,sess-71-496561,3,music,easy,D,B,False,0.0,2,1787619911.947906
75,sess-75-496561,45,movies,medium,C,D,False,0.0,1,1787620560.1099465
193,sess-193-496561,32,sports,medium,C,C,True,1.0,1,1787621208.271987
4,sess-4-496561,37,history,hard,B,B,True,1.0,1,1787621856.4340274
123,sess-123-496561,29,geography,hard,D,D,True,1.0,1,1787622504.596068
14,sess-14-496561,17,music,hard,B,C,False,0.0,1,1787623152.7581086
30,sess-30-496562,53,history,medium,B,B,True,1.0,1,1787623800.920149
126,sess-126-496562,5,science,easy,A,A,True,1.0,1,1787624449.0821896
176,sess-176-496562,4,movies,medium,A,A,True,1.0,1,1787625097.24423
145,sess-145-496562,20,geography,easy,B,B,True,1.0,1,1787625745.4062705
64,sess-64-496562,8,history,medium,D,D,True,1.0,1,1787626393.568311
107,sess-107-496563,39,movies,medium,D,D,True,1.0,1,1787627041.7303517
159,sess-159-496563,15,movies,easy,B,D,False,0.0,1,1787627689.8923922
116,sess-116-496563,59,science,hard,A,A,True,1.0,1,1787628338.0544326
151,sess-151-496563,28,history,medium,B,B,True,1.0,1,1787628986.216473
159,sess-159-496563,4,movies,medium,A,A,True,1.0,1,1787629634.3785136
190,sess-190-496563,7,movies,easy,B,A,False,0.0,1,1787630282.540554
161,sess-161-496564,14,science,hard,C,C,True,1.0,1,1787630930.7025948
21,sess-21-496564,11,history,medium,B,B,True,1.0,1,1787631578.8646352
142,sess-142-496564,5,science,easy,A,A,True,1.0,1,1787632227.0266757
105,sess-105-496564,29,geography,hard,B,D,False,0.0,1,1787632875.1887162
75,sess-75-496564,3,music,easy,B,B,True,1.0,1,1787633523.3507566
181,sess-181-496565,19,science,hard,C,A,False,0.0,1,1787634171.512797
19,sess-19-496565,44,sports,medium,A,A,True,1.0,1,1787634819.6748376
68,sess-68-496565,51,movies,easy,D,C,False,0.0,1,1787635467.8368783
170,sess-170-496565,52,music,medium,C,A,False,0.0,1,1787636115.9989188
30,sess-30-496565,35,sports,hard,D,D,True,1.0,1,1787636764.1609592
39,sess-39-496565,59,science,hard,A,A,True,1.0,1,1787637412.3229997
37,sess-37-496566,5,science,easy,A,A,True,1.0,1,1787638060.4850402
79,sess-79-496566,39,movies,medium,C,D,False,0.0,1,1787638708.6470807
74,sess-74-496566,29,geography,hard,D,D,True,1.0,1,1787639356.8091214
177,sess-177-496566,20,geography,easy,C,B,False,0.0,1,1787640004.9711618
129,sess-129-496566,35,sports,hard,D,D,True,1.0,1,1787640653.1332023
21,sess-21-496567,39,movies,medium,D,D,True,1.0,1,1787641301.2952428
111,sess-111-496567,48,music,medium,C,C,True,1.0,1,1787641949.4572833
65,sess-65-496567,2,history,easy,C,C,True,1.0,1,1787642597.6193237
173,sess-173-496567,54,movies,hard,D,B,False,0.0,1,1787643245.7813644
6,sess-6-496567,49,geography,medium,C,A,False,0.0,1,1787643893.943405
148,sess-148-496567,3,music,easy,A,B,False,0.0,1,1787644542.1054454
121,sess-121-496568,34,history,hard,B,C,False,0.0,1,1787645190.2674859
47,sess-47-496568,38,music,hard,C,C,True,1.0,1,1787645838.4295263
126,sess-126-496568,6,history,hard,B,B,True,1.0,1,1787646486.5915668
105,sess-105-496568,22,sports,hard,C,C,True,1.0,1,1787647134.7536075
27,sess-27-496568,55,movies,medium,A,A,True,1.0,1,1787647782.915648
106,sess-106-496569,45,movies,medium,D,D,True,1.0,1,1787648431.0776885
170,sess-170-496569,26,movies,hard,D,A,False,0.0,1,1787649079.239729
10,sess-10-496569,30,music,medium,B,B,True,1.0,1,1787649727.4017694
65,sess-65-496569,21,science,medium,B,B,True,1.0,1,1787650375.5638099
198,sess-198-496569,26,movies,hard,B,A,False,0.0,1,1787651023.7258503
169,sess-169-496569,56,science,easy,D,D,True,1.0,1,1787651671.887891
106,sess-106-496570,4,movies,medium,A,A,True,1.0,1,1787652320.0499315
93,sess-93-496570,40,history,easy,D,C,False,0.0,1,1787652968.211972
114,sess-114-496570,49,geography,medium,A,A,True,1.0,1,1787653616.3740125
69,sess-69-496570,36,history,medium,D,D,True,1.0,1,1787654264.536053
74,sess-74-496570,29,geography,hard,B,D,False,0.0,2,1787654912.6980934
32,sess-32-496570,2,history,easy,D,C,False,0.0,1,1787655560.8601341
62,sess-62-496571,46,music,hard,A,A,True,1.0,1,1787656209.0221746
142,sess-142-496571,1,science,hard,A,A,True,1.0,1,1787656857.184215
24,sess-24-496571,15,movies,easy,A,D,False,0.0,1,1787657505.3462555
119,sess-119-496571,8,history,medium,D,D,True,1.0,1,1787658153.508296
40,sess-40-496571,32,sports,medium,B,C,False,0.0,1,1787658801.6703365
131,sess-131-496572,46,music,hard,A,A,True,1.0,1,1787659449.8323772
124,sess-124-496572,31,history,easy,A,A,True,1.0,1,1787660097.9944177
142,sess-142-496572,10,geography,medium,D,D,True,1.0,2,1787660746.1564581
154,sess-154-496572,33,history,hard,B,A,False,0.0,1,1787661394.3184986
18,sess-18-496572,18,movies,easy,B,C,False,0.0,1,1787662042.480539
88,sess-88-496572,60,science,hard,B,D,False,0.0,1,1787662690.6425796
1,sess-1-496573,19,science,hard,D,A,False,0.0,1,1787663338.8046203
149,sess-149-496573,43,music,medium,B,B,True,1.0,1,1787663986.9666607
39,sess-39-496573,29,geography,hard,D,D,True,1.0,1,1787664635.1287012
89,sess-89-496573,22,sports,hard,C,C,True,1.0,1,1787665283.2907417
140,sess-140-496573,25,music,hard,C,C,True,1.0,1,1787665931.4527822
83,sess-83-496574,56,science,easy,D,D,True,1.0,1,1787666579.6148226
179,sess-179-496574,16,science,hard,D,D,True,1.0,1,1787667227.776863
60,sess-60-496574,55,movies,medium,B,A,False,0.0,1,1787667875.9389038
82,sess-82-496574,48,music,medium,C,C,True,1.0,1,1787668524.1009443
98,sess-98-496574,25,music,hard,D,C,False,0.0,1,1787669172.2629848
39,sess-39-496574,32,sports,medium,A,C,False,0.0,1,1787669820.4250252
129,sess-129-496575,38,music,hard,C,C,True,1.0,1,1787670468.5870657
26,sess-26-496575,56,science,easy,A,D,False,0.0,1,1787671116.7491062
135,sess-135-496575,59,science,hard,A,A,True,1.0,1,1787671764.9111469
185,sess-185-496575,10,geography,medium,D,D,True,1.0,1,1787672413.0731874
168,sess-168-496575,10,geography,medium,D,D,True,1.0,1,1787673061.2352278
68,sess-68-496576,22,sports,hard,C,C,True,1.0,1,1787673709.3972683
102,sess-102-496576,42,history,hard,A,A,True,1.0,1,1787674357.5593088
85,sess-85-496576,55,movies,medium,D,A,False,0.0,1,1787675005.7213492
98,sess-98-496576,21,science,medium,B,B,True,1.0,1,1787675653.88339
195,sess-195-496576,32,sports,medium,A,C,False,0.0,1,1787676302.0454304
159,sess-159-496576,5,science,easy,A,A,True,1.0,1,1787676950.207471
176,sess-176-496577,59,science,hard,A,A,True,1.0,1,1787677598.3695114
59,sess-59-496577,48,music,medium,C,C,True,1.0,1,1787678246.5315518
26,sess-26-496577,49,geography,medium,A,A,True,1.0,1,1787678894.6935923
26,sess-26-496577,29,geography,hard,D,D,True,1.0,1,1787679542.855633
77,sess-77-496577,58,history,hard,A,A,True,1.0,1,1787680191.0176735
84,sess-84-496578,51,movies,easy,C,C,True,1.0,1,1787680839.179714
92,sess-92-496578,24,history,hard,C,C,True,1.0,1,1787681487.3417544
63,sess-63-496578,34,history,hard,C,C,True,1.0,1,1787682135.503795
175,sess-175-496578,51,movies,easy,C,C,True,1.0,1,1787682783.6658354
45,sess-45-496578,6,history,hard,B,B,True,1.0,1,1787683431.8278759
98,sess-98-496578,40,history,easy,B,C,False,0.0,1,1787684079.9899166
150,sess-150-496579,10,geography,medium,D,D,True,1.0,1,1787684728.151957
164,sess-164-496579,17,music,hard,C,C,True,1.0,1,1787685376.3139975
171,sess-171-496579,1,science,hard,C,A,False,0.0,1,1787686024.476038
74,sess-74-496579,44,sports,medium,A,A,True,1.0,1,1787686672.6380785
19,sess-19-496579,29,geography,hard,C,D,False,0.0,1,1787687320.800119
77,sess-77-496579,41,science,easy,C,D,False,0.0,1,1787687968.9621596
65,sess-65-496580,30,music,medium,A,B,False,0.0,1,1787688617.1242
99,sess-99-496580,55,movies,medium,A,A,True,1.0,1,1787689265.2862406
61,sess-61-496580,25,music,hard,C,C,True,1.0,1,1787689913.448281
148,sess-148-496580,19,science,hard,C,A,False,0.0,1,1787690561.6103215
6,sess-6-496580,54,movies,hard,C,B,False,0.0,1,1787691209.772362
3,sess-3-496581,37,history,hard,D,B,False,0.0,1,1787691857.9344027
13,sess-13-496581,59,science,hard,A,A,True,1.0,1,1787692506.0964432
128,sess-128-496581,54,movies,hard,C,B,False,0.0,1,1787693154.2584836
199,sess-199-496581,52,music,medium,A,A,True,1.0,1,1787693802.4205241
91,sess-91-496581,15,movies,easy,D,D,True,1.0,1,1787694450.5825646
159,sess-159-496581,17,music,hard,D,C,False,0.0,1,1787695098.744605
197,sess-197-496582,43,music,medium,A,B,False,0.0,1,1787695746.9066458
161,sess-161-496582,7,movies,easy,D,A,False,0.0,1,1787696395.0686862
11,sess-11-496582,20,geography,easy,A,B,False,0.0,1,1787697043.2307267
149,sess-149-496582,24,history,hard,A,C,False,0.0,1,1787697691.3927672
76,sess-76-496582,21,science,medium,A,B,False,0.0,1,1787698339.5548077
52,sess-52-496583,9,science,easy,B,C,False,0.0,1,1787698987.7168481
136,sess-136-496583,33,history,hard,B,A,False,0.0,1,1787699635.8788886
66,sess-66-496583,59,science,hard,C,A,False,0.0,1,1787700284.0409293
76,sess-76-496583,48,music,medium,A,C,False,0.0,1,1787700932.2029698
120,sess-120-496583,5,science,easy,A,A,True,1.0,1,1787701580.3650103
58,sess-58-496583,56,science,easy,C,D,False,0.0,1,1787702228.5270507
102,sess-102-496584,55,movies,medium,C,A,False,0.0,1,1787702876.6890912
24,sess-24-496584,51,movies,easy,C,C,True,1.0,1,1787703524.8511317
68,sess-68-496584,35,sports,hard,D,D,True,1.0,1,1787704173.0131724
95,sess-95-496584,44,sports,medium,C,A,False,0.0,1,1787704821.1752129
150,sess-150-496584,25,music,hard,B,C,False,0.0,1,1787705469.3372533
28,sess-28-496585,44,sports,medium,A,A,True,1.0,1,1787706117.4992938
7,sess-7-496585,40,history,easy,D,C,False,0.0,1,1787706765.6613343
84,sess-84-496585,59,science,hard,A,A,True,1.0,1,1787707413.8233747
166,sess-166-496585,5,science,easy,A,A,True,1.0,1,1787708061.9854155
119,sess-119-496585,59,science,hard,D,A,False,0.0,1,1787708710.147456
105,sess-105-496585,8,history,medium,D,D,True,1.0,1,1787709358.3094964
10,sess-10-496586,20,geography,easy,A,B,False,0.0,1,1787710006.4715369
25,sess-25-496586,16,science,hard,A,D,False,0.0,1,1787710654.6335773
100,sess-100-496586,30,music,medium,B,B,True,1.0,1,1787711302.7956178
191,sess-191-496586,45,movies,medium,B,D,False,0.0,1,1787711950.9576585
151,sess-151-496586,48,music,medium,B,C,False,0.0,1,1787712599.119699
168,sess-168-496587,7,movies,easy,D,A,False,0.0,1,1787713247.2817395
105,sess-105-496587,18,movies,easy,C,C,True,1.0,1,1787713895.44378
95,sess-95-496587,14,science,hard,C,C,True,1.0,1,1787714543.6058204
61,sess-61-496587,55,movies,medium,A,A,True,1.0,1,1787715191.767861
176,sess-176-496587,24,history,hard,C,C,True,1.0,1,1787715839.9299014
166,sess-166-496587,23,history,medium,C,C,True,1.0,1,1787716488.091942
71,sess-71-496588,13,geography,medium,C,A,False,0.0,1,1787717136.2539825
24,sess-24-496588,43,music,medium,B,B,True,1.0,1,1787717784.416023
164,sess-164-496588,39,movies,medium,A,D,False,0.0,1,1787718432.5780635
86,sess-86-496588,16,science,hard,C,D,False,0.0,1,1787719080.740104
53,sess-53-496588,5,science,easy,D,A,False,0.0,1,1787719728.9021444
54,sess-54-496588,38,music,hard,C,C,True,1.0,1,1787720377.0641851
60,sess-60-496589,22,sports,hard,D,C,False,0.0,1,1787721025.2262256
1,sess-1-496589,18,movies,easy,A,C,False,0.0,1,1787721673.388266
34,sess-34-496589,35,sports,hard,D,D,True,1.0,1,1787722321.5503066
45,sess-45-496589,8,history,medium,A,D,False,0.0,1,1787722969.712347
34,sess-34-496589,1,science,hard,A,A,True,1.0,1,1787723617.8743875
61,sess-61-496590,38,music,hard,C,C,True,1.0,1,1787724266.0364282
45,sess-45-496590,17,music,hard,C,C,True,1.0,1,1787724914.1984687
190,sess-190-496590,27,movies,hard,B,B,True,1.0,1,1787725562.3605092
191,sess-191-496590,5,science,easy,A,A,True,1.0,1,1787726210.5225496
200,sess-200-496590,24,history,hard,C,C,True,1.0,1,1787726858.68459
28,sess-28-496590,29,geography,hard,D,D,True,1.0,1,1787727506.8466306
158,sess-158-496591,3,music,easy,D,B,False,0.0,1,1787728155.0086713
134,sess-134-496591,20,geography,easy,B,B,True,1.0,1,1787728803.1707118
8,sess-8-496591,4,movies,medium,C,A,False,0.0,1,1787729451.3327522
110,sess-110-496591,44,sports,medium,A,A,True,1.0,1,1787730099.4947927
183,sess-183-496591,59,science,hard,A,A,True,1.0,1,1787730747.6568332
21,sess-21-496592,21,science,medium,B,B,True,1.0,1,1787731395.8188736
17,sess-17-496592,9,science,easy,C,C,True,1.0,1,1787732043.980914
163,sess-163-496592,38,music,hard,C,C,True,1.0,1,1787732692.1429548
84,sess-84-496592,25,music,hard,D,C,False,0.0,1,1787733340.3049953
76,sess-76-496592,30,music,medium,B,B,True,1.0,1,1787733988.4670358
111,sess-111-496592,7,movies,easy,B,A,False,0.0,1,1787734636.6290762
168,sess-168-496593,42,history,hard,D,A,False,0.0,1,1787735284.7911167
185,sess-185-496593,56,science,easy,D,D,True,1.0,1,1787735932.9531572
116,sess-116-496593,57,geography,easy,C,C,True,1.0,1,1787736581.115198
87,sess-87-496593,53,history,medium,B,B,True,1.0,1,1787737229.2772384
107,sess-107-496593,47,music,hard,A,A,True,1.0,1,1787737877.4392788
110,sess-110-496594,21,science,medium,C,B,False,0.0,1,1787738525.6013193
40,sess-40-496594,44,sports,medium,B,A,False,0.0,1,1787739173.7633598
24,sess-24-496594,54,movies,hard,B,B,True,1.0,1,1787739821.9254003
111,sess-111-496594,7,movies,easy,C,A,False,0.0,2,1787740470.087441
34,sess-34-496594,36,history,medium,D,D,True,1.0,1,1787741118.2494814
144,sess-144-496594,36,history,medium,D,D,True,1.0,1,1787741766.411522
32,sess-32-496595,27,movies,hard,B,B,True,1.0,1,1787742414.5735624
171,sess-171-496595,49,geography,medium,A,A,True,1.0,1,1787743062.7356029
185,sess-185-496595,4,movies,medium,D,A,False,0.0,1,1787743710.8976433
80,sess-80-496595,23,history,medium,C,C,True,1.0,1,1787744359.059684
130,sess-130-496595,14,science,hard,C,C,True,1.0,1,1787745007.2217245
124,sess-124-496596,15,movies,easy,B,D,False,0.0,1,1787745655.383765
143,sess-143-496596,24,history,hard,C,C,True,1.0,1,1787746303.5458055
72,sess-72-496596,37,history,hard,B,B,True,1.0,1,1787746951.707846
110,sess-110-496596,55,movies,medium,A,A,True,1.0,1,1787747599.8698864
197,sess-197-496596,53,history,medium,B,B,True,1.0,1,1787748248.0319269
173,sess-173-496596,42,history,hard,A,A,True,1.0,1,1787748896.1939676
156,sess-156-496597,60,science,hard,C,D,False,0.0,1,1787749544.356008
69,sess-69-496597,2,history,easy,C,C,True,1.0,1,1787750192.5180485
180,sess-180-496597,49,geography,medium,A,A,True,1.0,1,1787750840.680089
87,sess-87-496597,23,history,medium,C,C,True,1.0,1,1787751488.8421295
37,sess-37-496597,37,history,hard,A,B,False,0.0,1,1787752137.00417
37,sess-37-496597,48,music,medium,C,C,True,1.0,1,1787752785.1662107
8,sess-8-496598,6,history,hard,A,B,False,0.0,2,1787753433.3282511
97,sess-97-496598,27,movies,hard,B,B,True,1.0,1,1787754081.4902916
41,sess-41-496598,24,history,hard,C,C,True,1.0,1,1787754729.652332
84,sess-84-496598,50,sports,easy,D,B,False,0.0,1,1787755377.8143725
22,sess-22-496598,57,geography,easy,C,C,True,1.0,1,1787756025.976413
41,sess-41-496599,49,geography,medium,A,A,True,1.0,1,1787756674.1384537
173,sess-173-496599,6,history,hard,B,B,True,1.0,1,1787757322.3004942
170,sess-170-496599,28,history,medium,B,B,True,1.0,1,1787757970.4625347
114,sess-114-496599,27,movies,hard,B,B,True,1.0,1,1787758618.6245751
194,sess-194-496599,33,history,hard,A,A,True,1.0,1,1787759266.7866156
111,sess-111-496599,8,history,medium,D,D,True,1.0,1,1787759914.948656
174,sess-174-496600,38,music,hard,C,C,True,1.0,1,1787760563.1106966
171,sess-171-496600,20,geography,easy,B,B,True,1.0,1,1787761211.2727373
102,sess-102-496600,39,movies,medium,D,D,True,1.0,1,1787761859.4347777
53,sess-53-496600,20,geography,easy,A,B,False,0.0,1,1787762507.5968182
196,sess-196-496600,17,music,hard,C,C,True,1.0,1,1787763155.7588587
31,sess-31-496601,1,science,hard,A,A,True,1.0,1,1787763803.9208992
111,sess-111-496601,12,science,medium,A,A,True,1.0,1,1787764452.0829396
137,sess-137-496601,46,music,hard,A,A,True,1.0,1,1787765100.2449803
144,sess-144-496601,54,movies,hard,C,B,False,0.0,1,1787765748.4070208
19,sess-19-496601,26,movies,hard,B,A,False,0.0,1,1787766396.5690613
112,sess-112-496601,2,history,easy,C,C,True,1.0,1,1787767044.7311018
20,sess-20-496602,56,science,easy,D,D,True,1.0,1,1787767692.8931422
110,sess-110-496602,37,history,hard,B,B,True,1.0,1,1787768341.0551827
164,sess-164-496602,27,movies,hard,B,B,True,1.0,1,1787768989.2172234
104,sess-104-496602,2,history,easy,A,C,False,0.0,1,1787769637.3792639
159,sess-159-496602,30,music,medium,C,B,False,0.0,1,1787770285.5413043
23,sess-23-496603,28,history,medium,A,B,False,0.0,1,1787770933.7033448
112,sess-112-496603,38,music,hard,C,C,True,1.0,1,1787771581.8653853
21,sess-21-496603,26,movies,hard,D,A,False,0.0,1,1787772230.0274258
87,sess-87-496603,15,movies,easy,D,D,True,1.0,1,1787772878.1894665
44,sess-44-496603,5,science,easy,A,A,True,1.0,1,1787773526.351507
30,sess-30-496603,34,history,hard,C,C,True,1.0,1,1787774174.5135474
199,sess-199-496604,23,history,medium,C,C,True,1.0,1,1787774822.675588
166,sess-166-496604,53,history,medium,B,B,True,1.0,1,1787775470.8376284
27,sess-27-496604,10,geography,medium,D,D,True,1.0,1,1787776118.9996688
45,sess-45-496604,39,movies,medium,D,D,True,1.0,1,1787776767.1617093
195,sess-195-496604,42,history,hard,A,A,True,1.0,1,1787777415.32375
198,sess-198-496605,41,science,easy,D,D,True,1.0,1,1787778063.4857905
194,sess-194-496605,37,history,hard,C,B,False,0.0,1,1787778711.647831
175,sess-175-496605,60,science,hard,C,D,False,0.0,1,1787779359.8098714
163,sess-163-496605,40,history,easy,C,C,True,1.0,1,1787780007.971912
161,sess-161-496605,21,science,medium,B,B,True,1.0,1,1787780656.1339524
18,sess-18-496605,31,history,easy,A,A,True,1.0,1,1787781304.295993
78,sess-78-496606,51,movies,easy,C,C,True,1.0,1,1787781952.4580336
15,sess-15-496606,23,history,medium,C,C,True,1.0,1,1787782600.620074
80,sess-80-496606,30,music,medium,B,B,True,1.0,1,1787783248.7821145
15,sess-15-496606,24,history,hard,A,C,False,0.0,1,1787783896.944155
166,sess-166-496606,56,science,easy,A,D,False,0.0,1,1787784545.1061954
158,sess-158-496606,39,movies,medium,D,D,True,1.0,1,1787785193.2682362
119,sess-119-496607,38,music,hard,C,C,True,1.0,1,1787785841.4302766
190,sess-190-496607,58,history,hard,A,A,True,1.0,1,1787786489.592317
147,sess-147-496607,42,history,hard,A,A,True,1.0,1,1787787137.7543576
155,sess-155-496607,31,history,easy,A,A,True,1.0,1,1787787785.916398
16,sess-16-496607,29,geography,hard,D,D,True,1.0,1,1787788434.0784385
88,sess-88-496608,46,music,hard,A,A,True,1.0,1,1787789082.2404792
166,sess-166-496608,12,science,medium,A,A,True,1.0,1,1787789730.4025197
182,sess-182-496608,29,geography,hard,C,D,False,0.0,1,1787790378.5645602
134,sess-134-496608,40,history,easy,C,C,True,1.0,1,1787791026.7266006
96,sess-96-496608,59,science,hard,A,A,True,1.0,1,1787791674.888641
105,sess-105-496608,50,sports,easy,B,B,True,1.0,1,1787792323.0506816
154,sess-154-496609,4,movies,medium,D,A,False,0.0,1,1787792971.212722
86,sess-86-496609,5,science,easy,A,A,True,1.0,1,1787793619.3747628
143,sess-143-496609,44,sports,medium,A,A,True,1.0,1,1787794267.5368032
65,sess-65-496609,47,music,hard,D,A,False,0.0,1,1787794915.6988437
39,sess-39-496609,22,sports,hard,C,C,True,1.0,1,1787795563.8608842
170,sess-170-496610,10,geography,medium,B,D,False,0.0,1,1787796212.0229247
168,sess-168-496610,45,movies,medium,A,D,False,0.0,1,1787796860.1849651
153,sess-153-496610,46,music,hard,C,A,False,0.0,1,1787797508.3470058
144,sess-144-496610,25,music,hard,C,C,True,1.0,1,1787798156.5090463
85,sess-85-496610,53,history,medium,B,B,True,1.0,1,1787798804.6710868
180,sess-180-496610,54,movies,hard,D,B,False,0.0,1,1787799452.8331273
135,sess-135-496611,6,history,hard,B,B,True,1.0,1,1787800100.9951677
109,sess-109-496611,33,history,hard,A,A,True,1.0,1,1787800749.1572082
93,sess-93-496611,20,geography,easy,B,B,True,1.0,1,1787801397.319249
55,sess-55-496611,22,sports,hard,B,C,False,0.0,1,1787802045.4812894
50,sess-50-496611,15,movies,easy,A,D,False,0.0,1,1787802693.6433299
20,sess-20-496612,19,science,hard,B,A,False,0.0,1,1787803341.8053703
130,sess-130-496612,50,sports,easy,B,B,True,1.0,1,1787803989.9674108
190,sess-190-496612,57,geography,easy,C,C,True,1.0,1,1787804638.1294513
170,sess-170-496612,22,sports,hard,D,C,False,0.0,1,1787805286.291492
34,sess-34-496612,39,movies,medium,D,D,True,1.0,1,1787805934.4535325
42,sess-42-496612,12,science,medium,D,A,False,0.0,1,1787806582.615573
43,sess-43-496613,47,music,hard,A,A,True,1.0,1,1787807230.7776134
106,sess-106-496613,24,history,hard,A,C,False,0.0,1,1787807878.9396539
114,sess-114-496613,40,history,easy,C,C,True,1.0,1,1787808527.1016943
192,sess-192-496613,51,movies,easy,C,C,True,1.0,1,1787809175.2637348
137,sess-137-496613,16,science,hard,D,D,True,1.0,1,1787809823.4257755
121,sess-121-496614,58,history,hard,C,A,False,0.0,1,1787810471.587816
174,sess-174-496614,37,history,hard,C,B,False,0.0,1,1787811119.7498565
197,sess-197-496614,19,science,hard,D,A,False,0.0,1,1787811767.911897
136,sess-136-496614,27,movies,hard,A,B,False,0.0,1,1787812416.0739374
155,sess-155-496614,9,science,easy,A,C,False,0.0,1,1787813064.235978
165,sess-165-496614,31,history,easy,D,A,False,0.0,1,1787813712.3980186
27,sess-27-496615,46,music,hard,B,A,False,0.0,1,1787814360.560059
73,sess-73-496615,6,history,hard,C,B,False,0.0,1,1787815008.7220995
116,sess-116-496615,58,history,hard,A,A,True,1.0,1,1787815656.88414
112,sess-112-496615,6,history,hard,A,B,False,0.0,1,1787816305.0461805
116,sess-116-496615,57,geography,easy,C,C,True,1.0,2,1787816953.208221
7,sess-7-496616,27,movies,hard,B,B,True,1.0,1,1787817601.3702617
129,sess-129-496616,24,history,hard,C,C,True,1.0,1,1787818249.5323021
21,sess-21-496616,24,history,hard,C,C,True,1.0,1,1787818897.6943426
82,sess-82-496616,60,science,hard,D,D,True,1.0,1,1787819545.856383
183,sess-183-496616,42,history,hard,A,A,True,1.0,1,1787820194.0184236
38,sess-38-496616,9,science,easy,C,C,True,1.0,1,1787820842.180464
121,sess-121-496617,45,movies,medium,C,D,False,0.0,1,1787821490.3425047
121,sess-121-496617,29,geography,hard,D,D,True,1.0,1,1787822138.5045452
21,sess-21-496617,2,history,easy,C,C,True,1.0,1,1787822786.6665857
39,sess-39-496617,36,history,medium,C,D,False,0.0,1,1787823434.8286262
136,sess-136-496617,28,history,medium,B,B,True,1.0,1,1787824082.9906666
74,sess-74-496617,16,science,hard,D,D,True,1.0,1,1787824731.152707
13,sess-13-496618,16,science,hard,D,D,True,1.0,1,1787825379.3147476
160,sess-160-496618,30,music,medium,B,B,True,1.0,1,1787826027.4767883
128,sess-128-496618,39,movies,medium,D,D,True,1.0,1,1787826675.6388288
162,sess-162-496618,33,history,hard,A,A,True,1.0,1,1787827323.8008692
184,sess-184-496618,10,geography,medium,D,D,True,1.0,1,1787827971.9629097
1,sess-1-496619,40,history,easy,C,C,True,1.0,1,1787828620.1249502
147,sess-147-496619,27,movies,hard,B,B,True,1.0,1,1787829268.2869906
172,sess-172-496619,6,history,hard,B,B,True,1.0,1,1787829916.4490314
93,sess-93-496619,5,science,easy,D,A,False,0.0,1,1787830564.6110718
130,sess-130-496619,51,movies,easy,D,C,False,0.0,1,1787831212.7731123
6,sess-6-496619,25,music,hard,A,C,False,0.0,1,1787831860.9351528
163,sess-163-496620,25,music,hard,B,C,False,0.0,1,1787832509.0971932
192,sess-192-496620,2,history,easy,C,C,True,1.0,1,1787833157.2592337
18,sess-18-496620,23,history,medium,C,C,True,1.0,1,1787833805.4212744
169,sess-169-496620,41,science,easy,D,D,True,1.0,1,1787834453.583315
149,sess-149-496620,48,music,medium,A,C,False,0.0,1,1787835101.7453554
12,sess-12-496621,23,history,medium,C,C,True,1.0,1,1787835749.9073958
165,sess-165-496621,12,science,medium,D,A,False,0.0,1,1787836398.0694363
119,sess-119-496621,45,movies,medium,D,D,True,1.0,1,1787837046.2314768
47,sess-47-496621,52,music,medium,A,A,True,1.0,1,1787837694.3935175
184,sess-184-496621,50,sports,easy,A,B,False,0.0,1,1787838342.555558
76,sess-76-496621,13,geography,medium,A,A,True,1.0,1,1787838990.7175984
52,sess-52-496622,57,geography,easy,C,C,True,1.0,1,1787839638.879639
80,sess-80-496622,33,history,hard,A,A,True,1.0,1,1787840287.0416794
140,sess-140-496622,31,history,easy,A,A,True,1.0,1,1787840935.2037199
193,sess-193-496622,42,history,hard,A,A,True,1.0,1,1787841583.3657603
92,sess-92-496622,56,science,easy,C,D,False,0.0,1,1787842231.527801
85,sess-85-496623,18,movies,easy,C,C,True,1.0,1,1787842879.6898415
95,sess-95-496623,28,history,medium,D,B,False,0.0,1,1787843527.851882
113,sess-113-496623,58,history,hard,C,A,False,0.0,1,1787844176.0139225
48,sess-48-496623,32,sports,medium,B,C,False,0.0,1,1787844824.175963
133,sess-133-496623,18,movies,easy,D,C,False,0.0,1,1787845472.3380034
109,sess-109-496623,6,history,hard,B,B,True,1.0,1,1787846120.500044
47,sess-47-496624,35,sports,hard,D,D,True,1.0,1,1787846768.6620846
27,sess-27-496624,6,history,hard,B,B,True,1.0,1,1787847416.824125
76,sess-76-496624,20,geography,easy,B,B,True,1.0,1,1787848064.9861655
184,sess-184-496624,28,history,medium,B,B,True,1.0,1,1787848713.148206
114,sess-114-496624,23,history,medium,C,C,True,1.0,1,1787849361.3102465
187,sess-187-496625,56,science,easy,C,D,False,0.0,1,1787850009.4722872
112,sess-112-496625,18,movies,easy,C,C,True,1.0,1,1787850657.6343277
15,sess-15-496625,5,science,easy,C,A,False,0.0,1,1787851305.7963681
94,sess-94-496625,33,history,hard,D,A,False,0.0,1,1787851953.9584086
41,sess-41-496625,2,history,easy,C,C,True,1.0,1,1787852602.120449
156,sess-156-496625,44,sports,medium,B,A,False,0.0,1,1787853250.2824895
33,sess-33-496626,5,science,easy,A,A,True,1.0,1,1787853898.4445302
166,sess-166-496626,24,history,hard,C,C,True,1.0,1,1787854546.6065707
146,sess-146-496626,3,music,easy,B,B,True,1.0,1,1787855194.7686112
174,sess-174-496626,29,geography,hard,B,D,False,0.0,1,1787855842.9306517
114,sess-114-496626,49,geography,medium,A,A,True,1.0,2,1787856491.0926921
36,sess-36-496626,34,history,hard,C,C,True,1.0,1,1787857139.2547326
81,sess-81-496627,42,history,hard,A,A,True,1.0,1,1787857787.416773
30,sess-30-496627,2,history,easy,B,C,False,0.0,1,1787858435.5788138
133,sess-133-496627,25,music,hard,A,C,False,0.0,1,1787859083.7408543
68,sess-68-496627,50,sports,easy,B,B,True,1.0,1,1787859731.9028947
115,sess-115-496627,14,science,hard,B,C,False,0.0,1,1787860380.0649352
178,sess-178-496628,59,science,hard,B,A,False,0.0,1,1787861028.2269757
32,sess-32-496628,9,science,easy,B,C,False,0.0,1,1787861676.3890162
45,sess-45-496628,58,history,hard,B,A,False,0.0,1,1787862324.5510569
175,sess-175-496628,55,movies,medium,D,A,False,0.0,1,1787862972.7130973
89,sess-89-496628,46,music,hard,A,A,True,1.0,1,1787863620.8751378
139,sess-139-496628,19,science,hard,B,A,False,0.0,1,1787864269.0371783
183,sess-183-496629,46,music,hard,D,A,False,0.0,1,1787864917.1992188
45,sess-45-496629,51,movies,easy,C,C,True,1.0,1,1787865565.3612592
58,sess-58-496629,8,history,medium,A,D,False,0.0,1,1787866213.5233
61,sess-61-496629,51,movies,easy,C,C,True,1.0,1,1787866861.6853404
93,sess-93-496629,36,history,medium,D,D,True,1.0,1,1787867509.8473809
120,sess-120-496630,52,music,medium,B,A,False,0.0,1,1787868158.0094213
157,sess-157-496630,57,geography,easy,C,C,True,1.0,1,1787868806.1714618
80,sess-80-496630,26,movies,hard,D,A,False,0.0,2,1787869454.3335023
123,sess-123-496630,34,history,hard,C,C,True,1.0,1,1787870102.495543
105,sess-105-496630,53,history,medium,B,B,True,1.0,1,1787870750.6575835
33,sess-33-496630,21,science,medium,B,B,True,1.0,1,1787871398.819624
116,sess-116-496631,30,music,medium,C,B,False,0.0,1,1787872046.9816644
33,sess-33-496631,57,geography,easy,D,C,False,0.0,1,1787872695.143705
164,sess-164-496631,38,music,hard,C,C,True,1.0,1,1787873343.3057454
34,sess-34-496631,28,history,medium,B,B,True,1.0,1,1787873991.4677858
15,sess-15-496631,54,movies,hard,B,B,True,1.0,1,1787874639.6298265
40,sess-40-496632,20,geography,easy,B,B,True,1.0,1,1787875287.791867
83,sess-83-496632,60,science,hard,B,D,False,0.0,1,1787875935.9539075
133,sess-133-496632,58,history,hard,A,A,True,1.0,1,1787876584.115948
21,sess-21-496632,17,music,hard,C,C,True,1.0,1,1787877232.2779884
142,sess-142-496632,18,movies,easy,C,C,True,1.0,1,1787877880.440029
78,sess-78-496632,40,history,easy,C,C,True,1.0,2,1787878528.6020696
129,sess-129-496633,42,history,hard,A,A,True,1.0,1,1787879176.76411
149,sess-149-496633,10,geography,medium,D,D,True,1.0,1,1787879824.9261506
160,sess-160-496633,47,music,hard,C,A,False,0.0,1,1787880473.088191
145,sess-145-496633,3,music,easy,A,B,False,0.0,1,1787881121.2502315
21,sess-21-496633,3,music,easy,D,B,False,0.0,1,1787881769.412272
68,sess-68-496634,42,history,hard,A,A,True,1.0,1,1787882417.5743127
147,sess-147-496634,27,movies,hard,B,B,True,1.0,2,1787883065.7363532
8,sess-8-496634,32,sports,medium,D,C,False,0.0,1,1787883713.8983936
75,sess-75-496634,42,history,hard,C,A,False,0.0,1,1787884362.060434
63,sess-63-496634,52,music,medium,C,A,False,0.0,1,1787885010.2224746
77,sess-77-496634,30,music,medium,B,B,True,1.0,1,1787885658.384515
16,sess-16-496635,11,history,medium,B,B,True,1.0,2,1787886306.5465555
124,sess-124-496635,30,music,medium,B,B,True,1.0,1,1787886954.7085962
156,sess-156-496635,10,geography,medium,D,D,True,1.0,1,1787887602.8706367
184,sess-184-496635,21,science,medium,C,B,False,0.0,1,1787888251.0326772
103,sess-103-496635,9,science,easy,D,C,False,0.0,1,1787888899.1947176
144,sess-144-496635,7,movies,easy,A,A,True,1.0,1,1787889547.356758
120,sess-120-496636,8,history,medium,D,D,True,1.0,1,1787890195.5187986
64,sess-64-496636,10,geography,medium,D,D,True,1.0,1,1787890843.6808393
75,sess-75-496636,25,music,hard,B,C,False,0.0,1,1787891491.8428798
64,sess-64-496636,56,science,easy,B,D,False,0.0,1,1787892140.0049202
148,sess-148-496636,47,music,hard,A,A,True,1.0,1,1787892788.1669607
196,sess-196-496637,11,history,medium,B,B,True,1.0,1,1787893436.3290012
132,sess-132-496637,30,music,medium,B,B,True,1.0,1,1787894084.4910417
79,sess-79-496637,32,sports,medium,C,C,True,1.0,1,1787894732.6530824
101,sess-101-496637,33,history,hard,A,A,True,1.0,1,1787895380.8151228
62,sess-62-496637,14,science,hard,C,C,True,1.0,1,1787896028.9771633
13,sess-13-496637,4,movies,medium,A,A,True,1.0,1,1787896677.1392038
153,sess-153-496638,57,geography,easy,D,C,False,0.0,1,1787897325.3012443
121,sess-121-496638,19,science,hard,A,A,True,1.0,1,1787897973.4632847
28,sess-28-496638,28,history,medium,B,B,True,1.0,1,1787898621.6253254
68,sess-68-496638,47,music,hard,A,A,True,1.0,1,1787899269.787366
104,sess-104-496638,24,history,hard,C,C,True,1.0,1,1787899917.9494064
14,sess-14-496639,37,history,hard,B,B,True,1.0,1,1787900566.1114469
93,sess-93-496639,36,history,medium,D,D,True,1.0,2,1787901214.2734873
99,sess-99-496639,33,history,hard,A,A,True,1.0,1,1787901862.4355278
141,sess-141-496639,18,movies,easy,D,C,False,0.0,1,1787902510.5975683
175,sess-175-496639,40,history,easy,C,C,True,1.0,1,1787903158.759609
25,sess-25-496639,26,movies,hard,A,A,True,1.0,1,1787903806.9216495
87,sess-87-496640,36,history,medium,A,D,False,0.0,1,1787904455.08369
51,sess-51-496640,39,movies,medium,D,D,True,1.0,1,1787905103.2457304
129,sess-129-496640,3,music,easy,B,B,True,1.0,1,1787905751.4077709
36,sess-36-496640,46,music,hard,A,A,True,1.0,1,1787906399.5698113
122,sess-122-496640,34,history,hard,C,C,True,1.0,1,1787907047.731852
156,sess-156-496641,58,history,hard,A,A,True,1.0,1,1787907695.8938925
84,sess-84-496641,60,science,hard,D,D,True,1.0,1,1787908344.055933
42,sess-42-496641,26,movies,hard,D,A,False,0.0,1,1787908992.2179735
77,sess-77-496641,38,music,hard,C,C,True,1.0,1,1787909640.380014
131,sess-131-496641,35,sports,hard,D,D,True,1.0,1,1787910288.5420544
145,sess-145-496641,20,geography,easy,B,B,True,1.0,2,1787910936.7040951
5,sess-5-496642,24,history,hard,C,C,True,1.0,1,1787911584.8661356
29,sess-29-496642,27,movies,hard,B,B,True,1.0,1,1787912233.028176
186,sess-186-496642,56,science,easy,A,D,False,0.0,1,1787912881.1902165
153,sess-153-496642,31,history,easy,A,A,True,1.0,1,1787913529.352257
168,sess-168-496642,51,movies,easy,D,C,False,0.0,1,1787914177.5142975
148,sess-148-496643,15,movies,easy,C,D,False,0.0,1,1787914825.6763382
123,sess-123-496643,11,history,medium,B,B,True,1.0,1,1787915473.8383787
185,sess-185-496643,40,history,easy,B,C,False,0.0,1,1787916122.0004191
38,sess-38-496643,53,history,medium,A,B,False,0.0,1,1787916770.1624596
147,sess-147-496643,45,movies,medium,D,D,True,1.0,1,1787917418.3245
5,sess-5-496643,29,geography,hard,D,D,True,1.0,1,1787918066.4865406
39,sess-39-496644,27,movies,hard,C,B,False,0.0,1,1787918714.648581
129,sess-129-496644,50,sports,easy,B,B,True,1.0,1,1787919362.8106217
121,sess-121-496644,56,science,easy,C,D,False,0.0,1,1787920010.9726622
16,sess-16-496644,46,music,hard,A,A,True,1.0,1,1787920659.1347027
54,sess-54-496644,36,history,medium,D,D,True,1.0,1,1787921307.2967432
170,sess-170-496644,31,history,easy,A,A,True,1.0,1,1787921955.4587836
81,sess-81-496645,12,science,medium,A,A,True,1.0,1,1787922603.620824
137,sess-137-496645,22,sports,hard,C,C,True,1.0,1,1787923251.7828648
174,sess-174-496645,50,sports,easy,D,B,False,0.0,1,1787923899.9449053
165,sess-165-496645,52,music,medium,D,A,False,0.0,1,1787924548.1069458
124,sess-124-496645,13,geography,medium,C,A,False,0.0,1,1787925196.2689862
143,sess-143-496646,20,geography,easy,B,B,True,1.0,1,1787925844.4310267
77,sess-77-496646,50,sports,easy,B,B,True,1.0,1,1787926492.5930672
54,sess-54-496646,45,movies,medium,B,D,False,0.0,1,1787927140.7551079
123,sess-123-496646,23,history,medium,C,C,True,1.0,1,1787927788.9171484
185,sess-185-496646,18,movies,easy,C,C,True,1.0,1,1787928437.0791888
147,sess-147-496646,44,sports,medium,A,A,True,1.0,1,1787929085.2412293
102,sess-102-496647,53,history,medium,B,B,True,1.0,1,1787929733.4032698
198,sess-198-496647,52,music,medium,A,A,True,1.0,1,1787930381.5653102
11,sess-11-496647,19,science,hard,B,A,False,0.0,1,1787931029.727351
89,sess-89-496647,60,science,hard,D,D,True,1.0,1,1787931677.8893914
66,sess-66-496647,48,music,medium,C,C,True,1.0,1,1787932326.051432
52,sess-52-496648,53,history,medium,B,B,True,1.0,1,1787932974.2134724
144,sess-144-496648,45,movies,medium,D,D,True,1.0,1,1787933622.3755128
28,sess-28-496648,40,history,easy,A,C,False,0.0,1,1787934270.5375533
63,sess-63-496648,4,movies,medium,D,A,False,0.0,1,1787934918.6995938
58,sess-58-496648,41,science,easy,D,D,True,1.0,1,1787935566.8616345
26,sess-26-496648,27,movies,hard,B,B,True,1.0,1,1787936215.023675
121,sess-121-496649,7,movies,easy,B,A,False,0.0,1,1787936863.1857154
2,sess-2-496649,36,history,medium,A,D,False,0.0,1,1787937511.347756
105,sess-105-496649,42,history,hard,C,A,False,0.0,1,1787938159.5097964
123,sess-123-496649,42,history,hard,A,A,True,1.0,1,1787938807.6718369
74,sess-74-496649,21,science,medium,B,B,True,1.0,1,1787939455.8338776
16,sess-16-496650,59,science,hard,D,A,False,0.0,1,1787940103.995918
147,sess-147-496650,15,movies,easy,D,D,True,1.0,1,1787940752.1579585
186,sess-186-496650,55,movies,medium,B,A,False,0.0,1,1787941400.319999
107,sess-107-496650,57,geography,easy,A,C,False,0.0,1,1787942048.4820395
102,sess-102-496650,51,movies,easy,C,C,True,1.0,1,1787942696.64408
192,sess-192-496650,56,science,easy,A,D,False,0.0,1,1787943344.8061206
3,sess-3-496651,20,geography,easy,B,B,True,1.0,1,1787943992.968161
28,sess-28-496651,60,science,hard,B,D,False,0.0,1,1787944641.1302016
117,sess-117-496651,42,history,hard,A,A,True,1.0,1,1787945289.292242
127,sess-127-496651,57,geography,easy,D,C,False,0.0,1,1787945937.4542825
120,sess-120-496651,18,movies,easy,C,C,True,1.0,1,1787946585.616323
29,sess-29-496652,22,sports,hard,C,C,True,1.0,1,1787947233.7783637
118,sess-118-496652,42,history,hard,A,A,True,1.0,1,1787947881.9404042
48,sess-48-496652,1,science,hard,C,A,False,0.0,1,1787948530.1024446
146,sess-146-496652,44,sports,medium,B,A,False,0.0,1,1787949178.2644851
157,sess-157-496652,55,movies,medium,A,A,True,1.0,1,1787949826.4265256
104,sess-104-496652,53,history,medium,B,B,True,1.0,1,1787950474.588566
84,sess-84-496653,6,history,hard,B,B,True,1.0,1,1787951122.7506065
25,sess-25-496653,12,science,medium,C,A,False,0.0,1,1787951770.9126472
83,sess-83-496653,60,science,hard,D,D,True,1.0,2,1787952419.0746877
67,sess-67-496653,25,music,hard,C,C,True,1.0,1,1787953067.2367282
193,sess-193-496653,18,movies,easy,B,C,False,0.0,2,1787953715.3987687
150,sess-150-496653,47,music,hard,A,A,True,1.0,1,1787954363.5608091
67,sess-67-496654,42,history,hard,A,A,True,1.0,1,1787955011.7228496
61,sess-61-496654,4,movies,medium,C,A,False,0.0,1,1787955659.8848903
79,sess-79-496654,11,history,medium,B,B,True,1.0,1,1787956308.0469308
129,sess-129-496654,60,science,hard,C,D,False,0.0,1,1787956956.2089713
198,sess-198-496654,20,geography,easy,D,B,False,0.0,1,1787957604.3710117
76,sess-76-496655,24,history,hard,C,C,True,1.0,1,1787958252.5330522
57,sess-57-496655,9,science,easy,C,C,True,1.0,1,1787958900.6950927
117,sess-117-496655,48,music,medium,B,C,False,0.0,1,1787959548.8571334
107,sess-107-496655,45,movies,medium,D,D,True,1.0,1,1787960197.0191739
121,sess-121-496655,49,geography,medium,A,A,True,1.0,1,1787960845.1812143
171,sess-171-496655,53,history,medium,B,B,True,1.0,1,1787961493.3432548
64,sess-64-496656,44,sports,medium,B,A,False,0.0,1,1787962141.5052953
135,sess-135-496656,29,geography,hard,D,D,True,1.0,1,1787962789.6673357
93,sess-93-496656,5,science,easy,B,A,False,0.0,2,1787963437.8293765
16,sess-16-496656,54,movies,hard,B,B,True,1.0,1,1787964085.991417
130,sess-130-496656,13,geography,medium,A,A,True,1.0,1,1787964734.1534574
39,sess-39-496657,11,history,medium,B,B,True,1.0,1,1787965382.3154979
134,sess-134-496657,29,geography,hard,D,D,True,1.0,1,1787966030.4775383
53,sess-53-496657,46,music,hard,A,A,True,1.0,1,1787966678.6395788
24,sess-24-496657,58,history,hard,A,A,True,1.0,1,1787967326.8016193
15,sess-15-496657,30,music,medium,B,B,True,1.0,1,1787967974.96366
107,sess-107-496657,30,music,medium,B,B,True,1.0,1,1787968623.1257005
144,sess-144-496658,30,music,medium,C,B,False,0.0,1,1787969271.287741
186,sess-186-496658,2,history,easy,C,C,True,1.0,1,1787969919.4497814
1,sess-1-496658,48,music,medium,C,C,True,1.0,1,1787970567.611822
19,sess-19-496658,3,music,easy,B,B,True,1.0,1,1787971215.7738624
180,sess-180-496658,5,science,easy,A,A,True,1.0,1,1787971863.935903
16,sess-16-496659,60,science,hard,B,D,False,0.0,1,1787972512.0979435
9,sess-9-496659,19,science,hard,A,A,True,1.0,1,1787973160.259984
197,sess-197-496659,9,science,easy,D,C,False,0.0,1,1787973808.4220245
166,sess-166-496659,27,movies,hard,B,B,True,1.0,1,1787974456.584065
98,sess-98-496659,29,geography,hard,B,D,False,0.0,1,1787975104.7461054
97,sess-97-496659,6,history,hard,D,B,False,0.0,1,1787975752.9081461
139,sess-139-496660,9,science,easy,B,C,False,0.0,1,1787976401.0701866
31,sess-31-496660,12,science,medium,C,A,False,0.0,1,1787977049.232227
136,sess-136-496660,9,science,easy,A,C,False,0.0,1,1787977697.3942676
1,sess-1-496660,49,geography,medium,A,A,True,1.0,1,1787978345.556308
77,sess-77-496660,30,music,medium,D,B,False,0.0,2,1787978993.7183485
109,sess-109-496661,35,sports,hard,D,D,True,1.0,1,1787979641.8803892
59,sess-59-496661,16,science,hard,D,D,True,1.0,1,1787980290.0424297
40,sess-40-496661,18,movies,easy,C,C,True,1.0,1,1787980938.2044702
186,sess-186-496661,49,geography,medium,A,A,True,1.0,1,1787981586.3665106
170,sess-170-496661,27,movies,hard,B,B,True,1.0,1,1787982234.528551
5,sess-5-496661,16,science,hard,D,D,True,1.0,1,1787982882.6905916
26,sess-26-496662,39,movies,medium,D,D,True,1.0,1,1787983530.852632
154,sess-154-496662,44,sports,medium,B,A,False,0.0,1,1787984179.0146728
63,sess-63-496662,48,music,medium,C,C,True,1.0,1,1787984827.1767132
113,sess-113-496662,15,movies,easy,D,D,True,1.0,1,1787985475.3387537
194,sess-194-496662,56,science,easy,A,D,False,0.0,1,1787986123.5007942
129,sess-129-496662,19,science,hard,A,A,True,1.0,1,1787986771.6628346
188,sess-188-496663,37,history,hard,B,B,True,1.0,1,1787987419.824875
154,sess-154-496663,50,sports,easy,C,B,False,0.0,1,1787988067.9869158
61,sess-61-496663,20,geography,easy,D,B,False,0.0,1,1787988716.1489563
134,sess-134-496663,15,movies,easy,D,D,True,1.0,1,1787989364.3109968
71,sess-71-496663,4,movies,medium,A,A,True,1.0,1,1787990012.4730372
152,sess-152-496664,57,geography,easy,A,C,False,0.0,1,1787990660.6350777
161,sess-161-496664,44,sports,medium,A,A,True,1.0,1,1787991308.7971182
127,sess-127-496664,4,movies,medium,D,A,False,0.0,1,1787991956.959159
172,sess-172-496664,25,music,hard,B,C,False,0.0,2,1787992605.1211994
179,sess-179-496664,27,movies,hard,B,B,True,1.0,1,1787993253.2832398
77,sess-77-496664,25,music,hard,C,C,True,1.0,1,1787993901.4452803
138,sess-138-496665,31,history,easy,A,A,True,1.0,1,1787994549.6073208
58,sess-58-496665,20,geography,easy,A,B,False,0.0,1,1787995197.7693613
119,sess-119-496665,59,science,hard,A,A,True,1.0,2,1787995845.931402
106,sess-106-496665,27,movies,hard,B,B,True,1.0,1,1787996494.0934424
35,sess-35-496665,25,music,hard,C,C,True,1.0,1,1787997142.255483
53,sess-53-496666,22,sports,hard,C,C,True,1.0,1,1787997790.4175234
116,sess-116-496666,55,movies,medium,A,A,True,1.0,1,1787998438.5795639
138,sess-138-496666,47,music,hard,B,A,False,0.0,1,1787999086.7416043
69,sess-69-496666,25,music,hard,D,C,False,0.0,1,1787999734.9036448
11,sess-11-496666,56,science,easy,D,D,True,1.0,1,1788000383.0656855
195,sess-195-496666,38,music,hard,D,C,False,0.0,1,1788001031.227726
56,sess-56-496667,31,history,easy,A,A,True,1.0,1,1788001679.3897665
86,sess-86-496667,20,geography,easy,A,B,False,0.0,1,1788002327.551807
55,sess-55-496667,60,science,hard,D,D,True,1.0,2,1788002975.7138474
190,sess-190-496667,8,history,medium,B,D,False,0.0,1,1788003623.8758879
63,sess-63-496667,45,movies,medium,D,D,True,1.0,1,1788004272.0379286
53,sess-53-496668,26,movies,hard,D,A,False,0.0,1,1788004920.199969
83,sess-83-496668,50,sports,easy,B,B,True,1.0,1,1788005568.3620095
120,sess-120-496668,35,sports,hard,D,D,True,1.0,1,1788006216.52405
79,sess-79-496668,17,music,hard,C,C,True,1.0,1,1788006864.6860905
128,sess-128-496668,30,music,medium,B,B,True,1.0,1,1788007512.848131
185,sess-185-496668,31,history,easy,C,A,False,0.0,1,1788008161.0101717
53,sess-53-496669,24,history,hard,C,C,True,1.0,1,1788008809.1722121
12,sess-12-496669,37,history,hard,D,B,False,0.0,1,1788009457.3342526
38,sess-38-496669,2,history,easy,C,C,True,1.0,1,1788010105.496293
150,sess-150-496669,38,music,hard,B,C,False,0.0,1,1788010753.6583335
40,sess-40-496669,13,geography,medium,A,A,True,1.0,1,1788011401.820374
98,sess-98-496670,37,history,hard,C,B,False,0.0,1,1788012049.9824145
141,sess-141-496670,42,history,hard,C,A,False,0.0,1,1788012698.1444552
66,sess-66-496670,49,geography,medium,D,A,False,0.0,1,1788013346.3064957
165,sess-165-496670,48,music,medium,C,C,True,1.0,1,1788013994.4685361
44,sess-44-496670,47,music,hard,B,A,False,0.0,1,1788014642.6305766
36,sess-36-496670,47,music,hard,A,A,True,1.0,1,1788015290.792617
48,sess-48-496671,59,science,hard,D,A,False,0.0,1,1788015938.9546576
16,sess-16-496671,34,history,hard,C,C,True,1.0,1,1788016587.1166983
20,sess-20-496671,53,history,medium,A,B,False,0.0,1,1788017235.2787387
106,sess-106-496671,9,science,easy,A,C,False,0.0,1,1788017883.4407792
18,sess-18-496671,46,music,hard,A,A,True,1.0,1,1788018531.6028197
56,sess-56-496671,33,history,hard,A,A,True,1.0,1,1788019179.7648602
16,sess-16-496672,40,history,easy,C,C,True,1.0,1,1788019827.9269006
158,sess-158-496672,59,science,hard,A,A,True,1.0,1,1788020476.0889413
125,sess-125-496672,2,history,easy,C,C,True,1.0,1,1788021124.2509818
142,sess-142-496672,27,movies,hard,B,B,True,1.0,1,1788021772.4130223
136,sess-136-496672,47,music,hard,A,A,True,1.0,1,1788022420.5750628
74,sess-74-496673,2,history,easy,C,C,True,1.0,1,1788023068.7371032
179,sess-179-496673,44,sports,medium,A,A,True,1.0,1,1788023716.8991437
46,sess-46-496673,7,movies,easy,D,A,False,0.0,1,1788024365.0611844
39,sess-39-496673,16,science,hard,D,D,True,1.0,1,1788025013.2232249
135,sess-135-496673,17,music,hard,B,C,False,0.0,1,1788025661.3852654
102,sess-102-496673,6,history,hard,B,B,True,1.0,1,1788026309.5473058
104,sess-104-496674,30,music,medium,B,B,True,1.0,1,1788026957.7093463
179,sess-179-496674,15,movies,easy,D,D,True,1.0,1,1788027605.8713868
21,sess-21-496674,42,history,hard,D,A,False,0.0,1,1788028254.0334272
195,sess-195-496674,3,music,easy,B,B,True,1.0,1,1788028902.195468
98,sess-98-496674,25,music,hard,C,C,True,1.0,2,1788029550.3575084
15,sess-15-496675,41,science,easy,D,D,True,1.0,1,1788030198.519549
44,sess-44-496675,6,history,hard,B,B,True,1.0,1,1788030846.6815894
112,sess-112-496675,42,history,hard,D,A,False,0.0,1,1788031494.8436298
25,sess-25-496675,58,history,hard,A,A,True,1.0,1,1788032143.0056703
11,sess-11-496675,15,movies,easy,D,D,True,1.0,1,1788032791.167711
178,sess-178-496675,57,geography,easy,C,C,True,1.0,1,1788033439.3297515
70,sess-70-496676,3,music,easy,D,B,False,0.0,1,1788034087.491792
72,sess-72-496676,58,history,hard,A,A,True,1.0,1,1788034735.6538324
169,sess-169-496676,3,music,easy,B,B,True,1.0,1,1788035383.815873
81,sess-81-496676,2,history,easy,D,C,False,0.0,1,1788036031.9779134
37,sess-37-496676,49,geography,medium,C,A,False,0.0,1,1788036680.139954
20,sess-20-496677,20,geography,easy,B,B,True,1.0,1,1788037328.3019946
62,sess-62-496677,37,history,hard,C,B,False,0.0,1,1788037976.464035
174,sess-174-496677,58,history,hard,A,A,True,1.0,1,1788038624.6260755
99,sess-99-496677,49,geography,medium,D,A,False,0.0,1,1788039272.788116
186,sess-186-496677,6,history,hard,B,B,True,1.0,1,1788039920.9501565
89,sess-89-496677,4,movies,medium,A,A,True,1.0,1,1788040569.1121972
60,sess-60-496678,54,movies,hard,B,B,True,1.0,1,1788041217.2742376
155,sess-155-496678,50,sports,easy,B,B,True,1.0,1,1788041865.436278
153,sess-153-496678,26,movies,hard,C,A,False,0.0,1,1788042513.5983186
8,sess-8-496678,41,science,easy,D,D,True,1.0,1,1788043161.760359
116,sess-116-496678,32,sports,medium,C,C,True,1.0,1,1788043809.9223995
142,sess-142-496679,25,music,hard,C,C,True,1.0,1,1788044458.08444
175,sess-175-496679,38,music,hard,A,C,False,0.0,1,1788045106.2464807
198,sess-198-496679,40,history,easy,C,C,True,1.0,1,1788045754.4085212
64,sess-64-496679,46,music,hard,A,A,True,1.0,1,1788046402.5705616
69,sess-69-496679,10,geography,medium,D,D,True,1.0,1,1788047050.7326021
163,sess-163-496679,10,geography,medium,B,D,False,0.0,1,1788047698.8946426
93,sess-93-496680,7,movies,easy,A,A,True,1.0,1,1788048347.056683
79,sess-79-496680,29,geography,hard,D,D,True,1.0,1,1788048995.2187238
70,sess-70-496680,7,movies,easy,A,A,True,1.0,1,1788049643.3807642
48,sess-48-496680,28,history,medium,B,B,True,1.0,1,1788050291.5428047
143,sess-143-496680,33,history,hard,A,A,True,1.0,1,1788050939.7048452
7,sess-7-496680,6,history,hard,B,B,True,1.0,2,1788051587.8668857
24,sess-24-496681,39,movies,medium,D,D,True,1.0,1,1788052236.0289261
84,sess-84-496681,56,science,easy,D,D,True,1.0,1,1788052884.1909668
75,sess-75-496681,27,movies,hard,B,B,True,1.0,1,1788053532.3530073
22,sess-22-496681,47,music,hard,B,A,False,0.0,1,1788054180.5150478
147,sess-147-496681,34,history,hard,C,C,True,1.0,1,1788054828.6770883
98,sess-98-496682,11,history,medium,B,B,True,1.0,1,1788055476.8391287
78,sess-78-496682,18,movies,easy,C,C,True,1.0,1,1788056125.0011692
17,sess-17-496682,11,history,medium,B,B,True,1.0,1,1788056773.16321
108,sess-108-496682,20,geography,easy,B,B,True,1.0,1,1788057421.3252504
20,sess-20-496682,24,history,hard,C,C,True,1.0,1,1788058069.4872909
64,sess-64-496682,47,music,hard,A,A,True,1.0,1,1788058717.6493313
153,sess-153-496683,40,history,easy,C,C,True,1.0,1,1788059365.8113718
28,sess-28-496683,9,science,easy,C,C,True,1.0,1,1788060013.9734123
102,sess-102-496683,22,sports,hard,B,C,False,0.0,1,1788060662.1354527
85,sess-85-496683,29,geography,hard,D,D,True,1.0,1,1788061310.2974935
167,sess-167-496683,39,movies,medium,D,D,True,1.0,1,1788061958.459534
83,sess-83-496684,39,movies,medium,A,D,False,0.0,1,1788062606.6215744
123,sess-123-496684,21,science,medium,B,B,True,1.0,1,1788063254.7836149
102,sess-102-496684,21,science,medium,B,B,True,1.0,1,1788063902.9456553
178,sess-178-496684,41,science,easy,D,D,True,1.0,1,1788064551.1076958
148,sess-148-496684,51,movies,easy,C,C,True,1.0,1,1788065199.2697365
97,sess-97-496684,18,movies,easy,B,C,False,0.0,1,1788065847.431777
94,sess-94-496685,8,history,medium,A,D,False,0.0,1,1788066495.5938175
152,sess-152-496685,35,sports,hard,D,D,True,1.0,1,1788067143.755858
197,sess-197-496685,36,history,medium,D,D,True,1.0,1,1788067791.9178984
187,sess-187-496685,30,music,medium,A,B,False,0.0,1,1788068440.079939
113,sess-113-496685,52,music,medium,A,A,True,1.0,1,1788069088.2419796
178,sess-178-496686,5,science,easy,C,A,False,0.0,1,1788069736.40402
173,sess-173-496686,32,sports,medium,C,C,True,1.0,1,1788070384.5660605
78,sess-78-496686,16,science,hard,D,D,True,1.0,1,1788071032.728101
40,sess-40-496686,46,music,hard,A,A,True,1.0,1,1788071680.8901415
97,sess-97-496686,5,science,easy,A,A,True,1.0,1,1788072329.052182
154,sess-154-496686,31,history,easy,A,A,True,1.0,1,1788072977.2142227
137,sess-137-496687,33,history,hard,D,A,False,0.0,1,1788073625.3762631
108,sess-108-496687,35,sports,hard,D,D,True,1.0,1,1788074273.5383036
93,sess-93-496687,45,movies,medium,C,D,False,0.0,1,1788074921.700344
153,sess-153-496687,41,science,easy,A,D,False,0.0,1,1788075569.8623846
197,sess-197-496687,16,science,hard,B,D,False,0.0,1,1788076218.024425
43,sess-43-496688,42,history,hard,A,A,True,1.0,1,1788076866.1864655
145,sess-145-496688,42,history,hard,C,A,False,0.0,1,1788077514.3485062
193,sess-193-496688,22,sports,hard,B,C,False,0.0,1,1788078162.5105467
28,sess-28-496688,1,science,hard,A,A,True,1.0,1,1788078810.6725872
57,sess-57-496688,33,history,hard,D,A,False,0.0,1,1788079458.8346276
149,sess-149-496688,45,movies,medium,D,D,True,1.0,1,1788080106.996668
115,sess-115-496689,24,history,hard,C,C,True,1.0,1,1788080755.1587086
198,sess-198-496689,44,sports,medium,A,A,True,1.0,1,1788081403.3207493
129,sess-129-496689,10,geography,medium,D,D,True,1.0,1,1788082051.4827898
7,sess-7-496689,31,history,easy,A,A,True,1.0,1,1788082699.6448302
107,sess-107-496689,59,science,hard,B,A,False,0.0,1,1788083347.8068707
187,sess-187-496689,10,geography,medium,D,D,True,1.0,1,1788083995.9689112
88,sess-88-496690,30,music,medium,D,B,False,0.0,1,1788084644.1309516
124,sess-124-496690,23,history,medium,C,C,True,1.0,1,1788085292.2929924
113,sess-113-496690,47,music,hard,C,A,False,0.0,1,1788085940.4550328
18,sess-18-496690,20,geography,easy,B,B,True,1.0,1,1788086588.6170733
182,sess-182-496690,8,history,medium,D,D,True,1.0,1,1788087236.7791138
88,sess-88-496691,42,history,hard,A,A,True,1.0,1,1788087884.9411542
43,sess-43-496691,60,science,hard,A,D,False,0.0,1,1788088533.1031947
133,sess-133-496691,12,science,medium,A,A,True,1.0,1,1788089181.2652354
85,sess-85-496691,36,history,medium,D,D,True,1.0,1,1788089829.427276
119,sess-119-496691,15,movies,easy,C,D,False,0.0,1,1788090477.5893164
48,sess-48-496691,12,science,medium,A,A,True,1.0,1,1788091125.7513568
111,sess-111-496692,26,movies,hard,A,A,True,1.0,1,1788091773.9133973
158,sess-158-496692,57,geography,easy,C,C,True,1.0,1,1788092422.0754378
152,sess-152-496692,28,history,medium,B,B,True,1.0,1,1788093070.2374783
181,sess-181-496692,14,science,hard,C,C,True,1.0,1,1788093718.399519
193,sess-193-496692,46,music,hard,B,A,False,0.0,1,1788094366.5615594
148,sess-148-496693,7,movies,easy,D,A,False,0.0,1,1788095014.7236
48,sess-48-496693,24,history,hard,C,C,True,1.0,1,1788095662.8856404
118,sess-118-496693,8,history,medium,D,D,True,1.0,1,1788096311.0476809
126,sess-126-496693,34,history,hard,B,C,False,0.0,1,1788096959.2097213
153,sess-153-496693,25,music,hard,C,C,True,1.0,1,1788097607.371762
151,sess-151-496693,8,history,medium,D,D,True,1.0,1,1788098255.5338025
118,sess-118-496694,40,history,easy,C,C,True,1.0,1,1788098903.695843
173,sess-173-496694,46,music,hard,D,A,False,0.0,1,1788099551.8578835
152,sess-152-496694,6,history,hard,C,B,False,0.0,1,1788100200.019924
31,sess-31-496694,16,science,hard,D,D,True,1.0,2,1788100848.1819644
47,sess-47-496694,24,history,hard,D,C,False,0.0,1,1788101496.344005
100,sess-100-496695,27,movies,hard,B,B,True,1.0,1,1788102144.5060456
148,sess-148-496695,25,music,hard,C,C,True,1.0,1,1788102792.668086
125,sess-125-496695,41,science,easy,D,D,True,1.0,1,1788103440.8301265
166,sess-166-496695,60,science,hard,C,D,False,0.0,1,1788104088.992167
43,sess-43-496695,32,sports,medium,C,C,True,1.0,1,1788104737.1542075
48,sess-48-496695,21,science,medium,D,B,False,0.0,1,1788105385.3162482
14,sess-14-496696,56,science,easy,D,D,True,1.0,1,1788106033.4782887
3,sess-3-496696,32,sports,medium,C,C,True,1.0,1,1788106681.6403291
99,sess-99-496696,36,history,medium,D,D,True,1.0,1,1788107329.8023696
127,sess-127-496696,27,movies,hard,C,B,False,0.0,1,1788107977.96441
182,sess-182-496696,54,movies,hard,B,B,True,1.0,1,1788108626.1264505
43,sess-43-496697,6,history,hard,B,B,True,1.0,1,1788109274.288491
195,sess-195-496697,15,movies,easy,D,D,True,1.0,1,1788109922.4505317
71,sess-71-496697,15,movies,easy,D,D,True,1.0,1,1788110570.6125722
44,sess-44-496697,50,sports,easy,B,B,True,1.0,1,1788111218.7746127
191,sess-191-496697,50,sports,easy,D,B,False,0.0,1,1788111866.9366531
131,sess-131-496697,8,history,medium,D,D,True,1.0,1,1788112515.0986936
69,sess-69-496698,50,sports,easy,B,B,True,1.0,1,1788113163.260734
94,sess-94-496698,35,sports,hard,A,D,False,0.0,1,1788113811.4227748
195,sess-195-496698,47,music,hard,A,A,True,1.0,1,1788114459.5848153
56,sess-56-496698,28,history,medium,B,B,True,1.0,1,1788115107.7468557
168,sess-168-496698,49,geography,medium,A,A,True,1.0,1,1788115755.9088962
9,sess-9-496699,29,geography,hard,D,D,True,1.0,1,1788116404.0709367
23,sess-23-496699,29,geography,hard,A,D,False,0.0,1,1788117052.2329772
199,sess-199-496699,52,music,medium,A,A,True,1.0,2,1788117700.3950179
189,sess-189-496699,38,music,hard,D,C,False,0.0,1,1788118348.5570583
157,sess-157-496699,41,science,easy,D,D,True,1.0,1,1788118996.7190988
158,sess-158-496699,9,science,easy,A,C,False,0.0,1,1788119644.8811393
16,sess-16-496700,37,history,hard,B,B,True,1.0,1,1788120293.0431798
72,sess-72-496700,39,movies,medium,D,D,True,1.0,1,1788120941.2052202
83,sess-83-496700,46,music,hard,A,A,True,1.0,1,1788121589.367261
147,sess-147-496700,18,movies,easy,D,C,False,0.0,1,1788122237.5293014
174,sess-174-496700,53,history,medium,B,B,True,1.0,1,1788122885.6913419
193,sess-193-496700,51,movies,easy,C,C,True,1.0,1,1788123533.8533823
16,sess-16-496701,18,movies,easy,A,C,False,0.0,1,1788124182.0154228
180,sess-180-496701,56,science,easy,D,D,True,1.0,1,1788124830.1774633
38,sess-38-496701,46,music,hard,A,A,True,1.0,1,1788125478.3395038
64,sess-64-496701,49,geography,medium,C,A,False,0.0,1,1788126126.5015445
126,sess-126-496701,10,geography,medium,D,D,True,1.0,1,1788126774.663585
69,sess-69-496702,41,science,easy,D,D,True,1.0,1,1788127422.8256254
116,sess-116-496702,5,science,easy,A,A,True,1.0,1,1788128070.987666
197,sess-197-496702,6,history,hard,B,B,True,1.0,1,1788128719.1497064
192,sess-192-496702,18,movies,easy,B,C,False,0.0,1,1788129367.3117468
117,sess-117-496702,32,sports,medium,C,C,True,1.0,1,1788130015.4737875
1,sess-1-496702,56,science,easy,C,D,False,0.0,1,1788130663.635828
24,sess-24-496703,47,music,hard,D,A,False,0.0,1,1788131311.7978685
171,sess-171-496703,45,movies,medium,D,D,True,1.0,1,1788131959.959909
17,sess-17-496703,51,movies,easy,C,C,True,1.0,1,1788132608.1219494
56,sess-56-496703,28,history,medium,C,B,False,0.0,2,1788133256.28399
69,sess-69-496703,21,science,medium,C,B,False,0.0,1,1788133904.4460306
141,sess-141-496704,37,history,hard,B,B,True,1.0,1,1788134552.608071
125,sess-125-496704,51,movies,easy,C,C,True,1.0,1,1788135200.7701116
175,sess-175-496704,49,geography,medium,A,A,True,1.0,1,1788135848.932152
26,sess-26-496704,41,science,easy,B,D,False,0.0,1,1788136497.0941925
5,sess-5-496704,8,history,medium,A,D,False,0.0,2,1788137145.256233
113,sess-113-496704,30,music,medium,B,B,True,1.0,1,1788137793.4182734
110,sess-110-496705,13,geography,medium,B,A,False,0.0,1,1788138441.5803142
167,sess-167-496705,20,geography,easy,B,B,True,1.0,1,1788139089.7423546
71,sess-71-496705,6,history,hard,C,B,False,0.0,1,1788139737.904395
22,sess-22-496705,24,history,hard,D,C,False,0.0,1,1788140386.0664356
43,sess-43-496705,4,movies,medium,A,A,True,1.0,1,1788141034.228476
79,sess-79-496706,47,music,hard,B,A,False,0.0,1,1788141682.3905165
110,sess-110-496706,42,history,hard,A,A,True,1.0,1,1788142330.5525572
25,sess-25-496706,1,science,hard,A,A,True,1.0,1,1788142978.7145977
20,sess-20-496706,9,science,easy,C,C,True,1.0,1,1788143626.8766382
133,sess-133-496706,44,sports,medium,A,A,True,1.0,1,1788144275.0386786
3,sess-3-496706,45,movies,medium,D,D,True,1.0,1,1788144923.200719
31,sess-31-496707,56,science,easy,D,D,True,1.0,1,1788145571.3627596
34,sess-34-496707,31,history,easy,A,A,True,1.0,1,1788146219.5248003
99,sess-99-496707,6,history,hard,A,B,False,0.0,1,1788146867.6868408
27,sess-27-496707,21,science,medium,B,B,True,1.0,1,1788147515.8488812
77,sess-77-496707,9,science,easy,C,C,True,1.0,1,1788148164.0109217
193,sess-193-496708,56,science,easy,D,D,True,1.0,2,1788148812.1729622
174,sess-174-496708,10,geography,medium,D,D,True,1.0,1,1788149460.3350027
145,sess-145-496708,1,science,hard,A,A,True,1.0,1,1788150108.4970434
43,sess-43-496708,29,geography,hard,D,D,True,1.0,1,1788150756.6590838
55,sess-55-496708,41,science,easy,B,D,False,0.0,1,1788151404.8211243
158,sess-158-496708,44,sports,medium,A,A,True,1.0,1,1788152052.9831648
56,sess-56-496709,6,history,hard,A,B,False,0.0,1,1788152701.1452053
193,sess-193-496709,8,history,medium,D,D,True,1.0,1,1788153349.3072457
99,sess-99-496709,23,history,medium,B,C,False,0.0,1,1788153997.4692862
36,sess-36-496709,16,science,hard,D,D,True,1.0,2,1788154645.631327
22,sess-22-496709,16,science,hard,D,D,True,1.0,1,1788155293.7933674
154,sess-154-496709,47,music,hard,A,A,True,1.0,1,1788155941.9554079
200,sess-200-496710,45,movies,medium,D,D,True,1.0,1,1788156590.1174483
169,sess-169-496710,57,geography,easy,C,C,True,1.0,1,1788157238.2794888
133,sess-133-496710,39,movies,medium,D,D,True,1.0,1,1788157886.4415293
192,sess-192-496710,26,movies,hard,A,A,True,1.0,1,1788158534.60357
14,sess-14-496710,51,movies,easy,A,C,False,0.0,1,1788159182.7656105
127,sess-127-496711,25,music,hard,C,C,True,1.0,1,1788159830.927651
128,sess-128-496711,41,science,easy,D,D,True,1.0,1,1788160479.0896914
136,sess-136-496711,57,geography,easy,B,C,False,0.0,1,1788161127.2517319
82,sess-82-496711,9,science,easy,C,C,True,1.0,1,1788161775.4137723
146,sess-146-496711,27,movies,hard,B,B,True,1.0,1,1788162423.575813
175,sess-175-496711,12,science,medium,B,A,False,0.0,1,1788163071.7378535
5,sess-5-496712,38,music,hard,C,C,True,1.0,1,1788163719.899894
68,sess-68-496712,14,science,hard,C,C,True,1.0,1,1788164368.0619345
16,sess-16-496712,51,movies,easy,C,C,True,1.0,1,1788165016.223975
74,sess-74-496712,41,science,easy,B,D,False,0.0,1,1788165664.3860154
109,sess-109-496712,45,movies,medium,D,D,True,1.0,1,1788166312.5480561
164,sess-164-496713,35,sports,hard,D,D,True,1.0,1,1788166960.7100966
40,sess-40-496713,18,movies,easy,C,C,True,1.0,2,1788167608.872137
21,sess-21-496713,33,history,hard,B,A,False,0.0,1,1788168257.0341775
138,sess-138-496713,21,science,medium,B,B,True,1.0,1,1788168905.196218
163,sess-163-496713,49,geography,medium,D,A,False,0.0,1,1788169553.3582585
165,sess-165-496713,5,science,easy,A,A,True,1.0,1,1788170201.520299
112,sess-112-496714,47,music,hard,B,A,False,0.0,1,1788170849.6823397
15,sess-15-496714,16,science,hard,D,D,True,1.0,1,1788171497.8443801
112,sess-112-496714,8,history,medium,D,D,True,1.0,1,1788172146.0064206
156,sess-156-496714,4,movies,medium,A,A,True,1.0,1,1788172794.168461
190,sess-190-496714,43,music,medium,A,B,False,0.0,1,1788173442.3305016
4,sess-4-496715,46,music,hard,A,A,True,1.0,1,1788174090.492542
3,sess-3-496715,11,history,medium,B,B,True,1.0,1,1788174738.6545827
89,sess-89-496715,34,history,hard,C,C,True,1.0,1,1788175386.8166232
185,sess-185-496715,17,music,hard,C,C,True,1.0,1,1788176034.9786637
33,sess-33-496715,48,music,medium,B,C,False,0.0,1,1788176683.1407042
188,sess-188-496715,57,geography,easy,C,C,True,1.0,1,1788177331.3027446
8,sess-8-496716,22,sports,hard,B,C,False,0.0,1,1788177979.464785
135,sess-135-496716,5,science,easy,A,A,True,1.0,1,1788178627.6268258
148,sess-148-496716,41,science,easy,D,D,True,1.0,1,1788179275.7888663
117,sess-117-496716,33,history,hard,A,A,True,1.0,1,1788179923.9509068
128,sess-128-496716,55,movies,medium,A,A,True,1.0,1,1788180572.1129472
95,sess-95-496717,11,history,medium,B,B,True,1.0,1,1788181220.2749877
27,sess-27-496717,58,history,hard,A,A,True,1.0,1,1788181868.4370282
186,sess-186-496717,8,history,medium,D,D,True,1.0,1,1788182516.5990689
131,sess-131-496717,1,science,hard,A,A,True,1.0,1,1788183164.7611094
4,sess-4-496717,16,science,hard,D,D,True,1.0,1,1788183812.9231498
94,sess-94-496717,25,music,hard,A,C,False,0.0,1,1788184461.0851903
10,sess-10-496718,36,history,medium,C,D,False,0.0,1,1788185109.2472308
190,sess-190-496718,42,history,hard,A,A,True,1.0,1,1788185757.4092712
83,sess-83-496718,16,science,hard,D,D,True,1.0,1,1788186405.5713117
185,sess-185-496718,21,science,medium,B,B,True,1.0,1,1788187053.7333524
20,sess-20-496718,37,history,hard,B,B,True,1.0,1,1788187701.895393
129,sess-129-496718,44,sports,medium,B,A,False,0.0,1,1788188350.0574334
58,sess-58-496719,52,music,medium,A,A,True,1.0,1,1788188998.2194738
12,sess-12-496719,26,movies,hard,A,A,True,1.0,1,1788189646.3815143
120,sess-120-496719,56,science,easy,D,D,True,1.0,1,1788190294.5435548
80,sess-80-496719,21,science,medium,B,B,True,1.0,1,1788190942.7055955
117,sess-117-496719,1,science,hard,A,A,True,1.0,2,1788191590.867636
75,sess-75-496720,37,history,hard,D,B,False,0.0,1,1788192239.0296764
160,sess-160-496720,16,science,hard,D,D,True,1.0,1,1788192887.191717
152,sess-152-496720,32,sports,medium,A,C,False,0.0,1,1788193535.3537574
188,sess-188-496720,58,history,hard,A,A,True,1.0,1,1788194183.5157979
63,sess-63-496720,10,geography,medium,D,D,True,1.0,2,1788194831.6778386
105,sess-105-496720,2,history,easy,C,C,True,1.0,1,1788195479.839879
89,sess-89-496721,41,science,easy,A,D,False,0.0,1,1788196128.0019195
86,sess-86-496721,1,science,hard,C,A,False,0.0,1,1788196776.16396
189,sess-189-496721,47,music,hard,A,A,True,1.0,1,1788197424.3260005
53,sess-53-496721,34,history,hard,B,C,False,0.0,1,1788198072.488041
126,sess-126-496721,4,movies,medium,B,A,False,0.0,1,1788198720.6500816
183,sess-183-496722,18,movies,easy,C,C,True,1.0,1,1788199368.812122
60,sess-60-496722,58,history,hard,C,A,False,0.0,1,1788200016.9741626
180,sess-180-496722,58,history,hard,A,A,True,1.0,1,1788200665.136203
192,sess-192-496722,6,history,hard,B,B,True,1.0,1,1788201313.2982435
130,sess-130-496722,9,science,easy,C,C,True,1.0,1,1788201961.460284
101,sess-101-496722,5,science,easy,A,A,True,1.0,1,1788202609.6223245
16,sess-16-496723,28,history,medium,A,B,False,0.0,1,1788203257.7843652
61,sess-61-496723,19,science,hard,A,A,True,1.0,1,1788203905.9464056
81,sess-81-496723,60,science,hard,C,D,False,0.0,2,1788204554.1084461
189,sess-189-496723,21,science,medium,B,B,True,1.0,1,1788205202.2704866
70,sess-70-496723,15,movies,easy,D,D,True,1.0,1,1788205850.432527
52,sess-52-496724,9,science,easy,D,C,False,0.0,2,1788206498.5945675
28,sess-28-496724,10,geography,medium,D,D,True,1.0,1,1788207146.7566082
116,sess-116-496724,30,music,medium,B,B,True,1.0,2,1788207794.9186487
31,sess-31-496724,35,sports,hard,D,D,True,1.0,1,1788208443.0806892
198,sess-198-496724,14,science,hard,C,C,True,1.0,1,1788209091.2427297
119,sess-119-496724,17,music,hard,A,C,False,0.0,1,1788209739.4047701
41,sess-41-496725,52,music,medium,D,A,False,0.0,1,1788210387.5668106
179,sess-179-496725,39,movies,medium,D,D,True,1.0,1,1788211035.7288513
84,sess-84-496725,10,geography,medium,D,D,True,1.0,1,1788211683.8908918
64,sess-64-496725,23,history,medium,C,C,True,1.0,1,1788212332.0529323
13,sess-13-496725,44,sports,medium,A,A,True,1.0,1,1788212980.2149727
45,sess-45-496726,2,history,easy,B,C,False,0.0,1,1788213628.3770132
143,sess-143-496726,48,music,medium,C,C,True,1.0,1,1788214276.5390537
25,sess-25-496726,30,music,medium,B,B,True,1.0,1,1788214924.7010944
36,sess-36-496726,8,history,medium,D,D,True,1.0,1,1788215572.8631349
200,sess-200-496726,15,movies,easy,D,D,True,1.0,1,1788216221.0251753
103,sess-103-496726,24,history,hard,D,C,False,0.0,1,1788216869.1872158
22,sess-22-496727,38,music,hard,C,C,True,1.0,1,1788217517.3492563
20,sess-20-496727,2,history,easy,A,C,False,0.0,1,1788218165.5112967
166,sess-166-496727,29,geography,hard,A,D,False,0.0,1,1788218813.6733372
85,sess-85-496727,8,history,medium,D,D,True,1.0,1,1788219461.835378
119,sess-119-496727,4,movies,medium,A,A,True,1.0,1,1788220109.9974184
147,sess-147-496727,28,history,medium,C,B,False,0.0,1,1788220758.1594589
128,sess-128-496728,2,history,easy,C,C,True,1.0,1,1788221406.3214993
110,sess-110-496728,12,science,medium,A,A,True,1.0,1,1788222054.4835398
48,sess-48-496728,18,movies,easy,C,C,True,1.0,1,1788222702.6455803
39,sess-39-496728,3,music,easy,B,B,True,1.0,1,1788223350.807621
158,sess-158-496728,16,science,hard,D,D,True,1.0,1,1788223998.9696615
128,sess-128-496729,27,movies,hard,C,B,False,0.0,1,1788224647.131702
16,sess-16-496729,6,history,hard,B,B,True,1.0,1,1788225295.2937424
36,sess-36-496729,27,movies,hard,B,B,True,1.0,1,1788225943.455783
135,sess-135-496729,16,science,hard,D,D,True,1.0,1,1788226591.6178234
140,sess-140-496729,51,movies,easy,C,C,True,1.0,1,1788227239.779864
98,sess-98-496729,51,movies,easy,B,C,False,0.0,1,1788227887.9419045
140,sess-140-496730,51,movies,easy,C,C,True,1.0,2,1788228536.103945
145,sess-145-496730,33,history,hard,A,A,True,1.0,1,1788229184.2659855
70,sess-70-496730,12,science,medium,A,A,True,1.0,1,1788229832.428026
153,sess-153-496730,15,movies,easy,D,D,True,1.0,1,1788230480.5900664
200,sess-200-496730,18,movies,easy,C,C,True,1.0,1,1788231128.7521071
121,sess-121-496731,34,history,hard,C,C,True,1.0,2,1788231776.9141476
150,sess-150-496731,15,movies,easy,A,D,False,0.0,1,1788232425.076188
64,sess-64-496731,43,music,medium,B,B,True,1.0,1,1788233073.2382286
137,sess-137-496731,53,history,medium,D,B,False,0.0,1,1788233721.400269
15,sess-15-496731,49,geography,medium,B,A,False,0.0,1,1788234369.5623095
148,sess-148-496731,55,movies,medium,C,A,False,0.0,1,1788235017.72435
91,sess-91-496732,60,science,hard,A,D,False,0.0,1,1788235665.8863907
46,sess-46-496732,16,science,hard,D,D,True,1.0,1,1788236314.0484312
189,sess-189-496732,45,movies,medium,D,D,True,1.0,1,1788236962.2104716
152,sess-152-496732,2,history,easy,B,C,False,0.0,1,1788237610.372512
146,sess-146-496732,37,history,hard,B,B,True,1.0,1,1788238258.5345526
49,sess-49-496733,54,movies,hard,C,B,False,0.0,1,1788238906.696593
139,sess-139-496733,20,geography,easy,B,B,True,1.0,1,1788239554.8586338
10,sess-10-496733,6,history,hard,B,B,True,1.0,1,1788240203.0206742
155,sess-155-496733,15,movies,easy,D,D,True,1.0,1,1788240851.1827147
123,sess-123-496733,1,science,hard,A,A,True,1.0,1,1788241499.3447552
158,sess-158-496733,13,geography,medium,C,A,False,0.0,1,1788242147.5067956
184,sess-184-496734,12,science,medium,C,A,False,0.0,1,1788242795.668836
16,sess-16-496734,2,history,easy,C,C,True,1.0,1,1788243443.8308768
181,sess-181-496734,59,science,hard,A,A,True,1.0,1,1788244091.9929173
29,sess-29-496734,55,movies,medium,A,A,True,1.0,1,1788244740.1549578
94,sess-94-496734,5,science,easy,A,A,True,1.0,1,1788245388.3169982
170,sess-170-496735,26,movies,hard,A,A,True,1.0,2,1788246036.4790387
87,sess-87-496735,20,geography,easy,B,B,True,1.0,1,1788246684.6410792
41,sess-41-496735,47,music,hard,D,A,False,0.0,1,1788247332.8031197
125,sess-125-496735,42,history,hard,A,A,True,1.0,1,1788247980.9651604
182,sess-182-496735,36,history,medium,C,D,False,0.0,1,1788248629.1272008
92,sess-92-496735,15,movies,easy,A,D,False,0.0,1,1788249277.2892413
97,sess-97-496736,20,geography,easy,C,B,False,0.0,1,1788249925.4512818
33,sess-33-496736,12,science,medium,D,A,False,0.0,1,1788250573.6133223
147,sess-147-496736,26,movies,hard,D,A,False,0.0,1,1788251221.7753627
9,sess-9-496736,12,science,medium,A,A,True,1.0,1,1788251869.9374034
157,sess-157-496736,15,movies,easy,D,D,True,1.0,1,1788252518.099444
27,sess-27-496736,60,science,hard,D,D,True,1.0,1,1788253166.2614844
85,sess-85-496737,48,music,medium,C,C,True,1.0,1,1788253814.4235249
89,sess-89-496737,21,science,medium,B,B,True,1.0,1,1788254462.5855653
23,sess-23-496737,53,history,medium,D,B,False,0.0,1,1788255110.7476058
187,sess-187-496737,57,geography,easy,C,C,True,1.0,1,1788255758.9096465
3,sess-3-496737,17,music,hard,C,C,True,1.0,1,1788256407.071687
178,sess-178-496738,5,science,easy,A,A,True,1.0,2,1788257055.2337275
28,sess-28-496738,47,music,hard,A,A,True,1.0,1,1788257703.395768
99,sess-99-496738,29,geography,hard,A,D,False,0.0,1,1788258351.5578084
106,sess-106-496738,32,sports,medium,B,C,False,0.0,1,1788258999.7198489
140,sess-140-496738,25,music,hard,C,C,True,1.0,2,1788259647.8818896
123,sess-123-496738,51,movies,easy,D,C,False,0.0,1,1788260296.04393
195,sess-195-496739,44,sports,medium,A,A,True,1.0,1,1788260944.2059705
116,sess-116-496739,5,science,easy,B,A,False,0.0,2,1788261592.368011
76,sess-76-496739,2,history,easy,C,C,True,1.0,1,1788262240.5300515
27,sess-27-496739,5,science,easy,A,A,True,1.0,1,1788262888.692092
97,sess-97-496739,11,history,medium,D,B,False,0.0,1,1788263536.8541324
24,sess-24-496740,22,sports,hard,C,C,True,1.0,1,1788264185.0161731
158,sess-158-496740,58,history,hard,A,A,True,1.0,1,1788264833.1782136
8,sess-8-496740,28,history,medium,A,B,False,0.0,1,1788265481.340254
156,sess-156-496740,57,geography,easy,C,C,True,1.0,1,1788266129.5022945
14,sess-14-496740,7,movies,easy,A,A,True,1.0,1,1788266777.664335
49,sess-49-496740,27,movies,hard,D,B,False,0.0,1,1788267425.8263755
187,sess-187-496741,35,sports,hard,D,D,True,1.0,1,1788268073.9884162
73,sess-73-496741,20,geography,easy,B,B,True,1.0,1,1788268722.1504567
13,sess-13-496741,26,movies,hard,A,A,True,1.0,1,1788269370.3124971
126,sess-126-496741,10,geography,medium,D,D,True,1.0,2,1788270018.4745376
1,sess-1-496741,28,history,medium,B,B,True,1.0,1,1788270666.636578
170,sess-170-496742,41,science,easy,D,D,True,1.0,1,1788271314.7986186
52,sess-52-496742,7,movies,easy,A,A,True,1.0,1,1788271962.9606593
44,sess-44-496742,41,science,easy,D,D,True,1.0,1,1788272611.1226997
21,sess-21-496742,31,history,easy,C,A,False,0.0,2,1788273259.2847402
102,sess-102-496742,31,history,easy,A,A,True,1.0,1,1788273907.4467807
170,sess-170-496742,17,music,hard,C,C,True,1.0,1,1788274555.6088212
140,sess-140-496743,25,music,hard,C,C,True,1.0,3,1788275203.7708616
98,sess-98-496743,24,history,hard,C,C,True,1.0,1,1788275851.9329023
12,sess-12-496743,17,music,hard,C,C,True,1.0,1,1788276500.0949428
68,sess-68-496743,15,movies,easy,C,D,False,0.0,1,1788277148.2569833
16,sess-16-496743,10,geography,medium,C,D,False,0.0,1,1788277796.4190238
25,sess-25-496744,6,history,hard,D,B,False,0.0,1,1788278444.5810642
106,sess-106-496744,49,geography,medium,A,A,True,1.0,1,1788279092.7431047
142,sess-142-496744,4,movies,medium,D,A,False,0.0,1,1788279740.9051452
108,sess-108-496744,35,sports,hard,B,D,False,0.0,2,1788280389.0671859
147,sess-147-496744,57,geography,easy,C,C,True,1.0,1,1788281037.2292264
77,sess-77-496744,6,history,hard,B,B,True,1.0,1,1788281685.3912668
183,sess-183-496745,3,music,easy,B,B,True,1.0,1,1788282333.5533073
133,sess-133-496745,52,music,medium,A,A,True,1.0,1,1788282981.7153478
159,sess-159-496745,10,geography,medium,D,D,True,1.0,1,1788283629.8773882
194,sess-194-496745,29,geography,hard,D,D,True,1.0,1,1788284278.039429
43,sess-43-496745,14,science,hard,A,C,False,0.0,1,1788284926.2014694
11,sess-11-496745,28,history,medium,B,B,True,1.0,1,1788285574.36351
175,sess-175-496746,28,history,medium,B,B,True,1.0,1,1788286222.5255504
161,sess-161-496746,10,geography,medium,B,D,False,0.0,1,1788286870.6875908
82,sess-82-496746,59,science,hard,B,A,False,0.0,1,1788287518.8496313
23,sess-23-496746,25,music,hard,C,C,True,1.0,1,1788288167.011672
142,sess-142-496746,21,science,medium,D,B,False,0.0,1,1788288815.1737125
118,sess-118-496747,59,science,hard,D,A,False,0.0,1,1788289463.335753
160,sess-160-496747,38,music,hard,C,C,True,1.0,1,1788290111.4977934
108,sess-108-496747,8,history,medium,D,D,True,1.0,1,1788290759.659834
38,sess-38-496747,37,history,hard,B,B,True,1.0,1,1788291407.8218744
195,sess-195-496747,7,movies,easy,D,A,False,0.0,1,1788292055.983915
200,sess-200-496747,7,movies,easy,D,A,False,0.0,1,1788292704.1459556
89,sess-89-496748,57,geography,easy,C,C,True,1.0,1,1788293352.307996
99,sess-99-496748,42,history,hard,A,A,True,1.0,1,1788294000.4700365
156,sess-156-496748,31,history,easy,A,A,True,1.0,1,1788294648.632077
71,sess-71-496748,26,movies,hard,A,A,True,1.0,1,1788295296.7941175
156,sess-156-496748,44,sports,medium,B,A,False,0.0,2,1788295944.956158
102,sess-102-496749,57,geography,easy,D,C,False,0.0,1,1788296593.1181986
61,sess-61-496749,4,movies,medium,C,A,False,0.0,2,1788297241.280239
96,sess-96-496749,2,history,easy,C,C,True,1.0,1,1788297889.4422796
78,sess-78-496749,20,geography,easy,B,B,True,1.0,1,1788298537.60432
126,sess-126-496749,55,movies,medium,B,A,False,0.0,1,1788299185.7663605
59,sess-59-496749,9,science,easy,C,C,True,1.0,1,1788299833.928401
191,sess-191-496750,29,geography,hard,B,D,False,0.0,1,1788300482.0904417
69,sess-69-496750,47,music,hard,A,A,True,1.0,1,1788301130.2524822
166,sess-166-496750,6,history,hard,B,B,True,1.0,1,1788301778.4145226
55,sess-55-496750,59,science,hard,D,A,False,0.0,2,1788302426.5765631
125,sess-125-496750,49,geography,medium,A,A,True,1.0,1,1788303074.7386036
96,sess-96-496751,53,history,medium,B,B,True,1.0,1,1788303722.900644
41,sess-41-496751,5,science,easy,A,A,True,1.0,1,1788304371.0626848
130,sess-130-496751,26,movies,hard,A,A,True,1.0,1,1788305019.2247252
135,sess-135-496751,57,geography,easy,C,C,True,1.0,1,1788305667.3867657
45,sess-45-496751,13,geography,medium,B,A,False,0.0,1,1788306315.5488062
15,sess-15-496751,16,science,hard,D,D,True,1.0,2,1788306963.7108467
13,sess-13-496752,59,science,hard,A,A,True,1.0,2,1788307611.8728871
51,sess-51-496752,18,movies,easy,C,C,True,1.0,1,1788308260.0349278
119,sess-119-496752,33,history,hard,A,A,True,1.0,1,1788308908.1969683
32,sess-32-496752,44,sports,medium,A,A,True,1.0,1,1788309556.3590088
96,sess-96-496752,32,sports,medium,C,C,True,1.0,1,1788310204.5210493
46,sess-46-496753,56,science,easy,D,D,True,1.0,1,1788310852.6830897
142,sess-142-496753,23,history,medium,C,C,True,1.0,1,1788311500.8451302
67,sess-67-496753,48,music,medium,A,C,False,0.0,1,1788312149.0071707
73,sess-73-496753,2,history,easy,C,C,True,1.0,1,1788312797.1692114
42,sess-42-496753,55,movies,medium,A,A,True,1.0,1,1788313445.3312519
55,sess-55-496753,55,movies,medium,A,A,True,1.0,1,1788314093.4932923
58,sess-58-496754,44,sports,medium,A,A,True,1.0,1,1788314741.6553328
167,sess-167-496754,27,movies,hard,B,B,True,1.0,1,1788315389.8173733
200,sess-200-496754,50,sports,easy,C,B,False,0.0,1,1788316037.9794137
34,sess-34-496754,42,history,hard,A,A,True,1.0,1,1788316686.1414545
3,sess-3-496754,15,movies,easy,D,D,True,1.0,1,1788317334.303495
79,sess-79-496754,46,music,hard,D,A,False,0.0,1,1788317982.4655354
71,sess-71-496755,28,history,medium,C,B,False,0.0,1,1788318630.6275759
118,sess-118-496755,17,music,hard,C,C,True,1.0,1,1788319278.7896163
78,sess-78-496755,44,sports,medium,A,A,True,1.0,1,1788319926.9516568
160,sess-160-496755,26,movies,hard,A,A,True,1.0,1,1788320575.1136975
2,sess-2-496755,33,history,hard,C,A,False,0.0,1,1788321223.275738
144,sess-144-496756,42,history,hard,A,A,True,1.0,1,1788321871.4377785
73,sess-73-496756,20,geography,easy,C,B,False,0.0,2,1788322519.599819
17,sess-17-496756,22,sports,hard,D,C,False,0.0,1,1788323167.7618594
84,sess-84-496756,56,science,easy,D,D,True,1.0,2,1788323815.9239
168,sess-168-496756,46,music,hard,D,A,False,0.0,1,1788324464.0859406
77,sess-77-496756,13,geography,medium,A,A,True,1.0,1,1788325112.247981
196,sess-196-496757,16,science,hard,C,D,False,0.0,1,1788325760.4100215
104,sess-104-496757,43,music,medium,B,B,True,1.0,1,1788326408.572062
36,sess-36-496757,47,music,hard,A,A,True,1.0,2,1788327056.7341025
128,sess-128-496757,19,science,hard,A,A,True,1.0,1,1788327704.896143
108,sess-108-496757,26,movies,hard,A,A,True,1.0,1,1788328353.0581834
10,sess-10-496758,38,music,hard,D,C,False,0.0,1,1788329001.2202241
49,sess-49-496758,22,sports,hard,A,C,False,0.0,1,1788329649.3822646
176,sess-176-496758,35,sports,hard,D,D,True,1.0,1,1788330297.544305
122,sess-122-496758,59,science,hard,C,A,False,0.0,1,1788330945.7063456
130,sess-130-496758,20,geography,easy,D,B,False,0.0,1,1788331593.868386
143,sess-143-496758,12,science,medium,A,A,True,1.0,1,1788332242.0304265
121,sess-121-496759,9,science,easy,D,C,False,0.0,1,1788332890.1924672
144,sess-144-496759,49,geography,medium,D,A,False,0.0,1,1788333538.3545077
86,sess-86-496759,42,history,hard,A,A,True,1.0,1,1788334186.5165482
91,sess-91-496759,15,movies,easy,B,D,False,0.0,2,1788334834.6785886
108,sess-108-496759,51,movies,easy,B,C,False,0.0,1,1788335482.840629
67,sess-67-496760,38,music,hard,C,C,True,1.0,1,1788336131.0026696
31,sess-31-496760,31,history,easy,A,A,True,1.0,1,1788336779.1647103
163,sess-163-496760,38,music,hard,C,C,True,1.0,2,1788337427.3267508
159,sess-159-496760,5,science,easy,A,A,True,1.0,2,1788338075.4887912
50,sess-50-496760,33,history,hard,A,A,True,1.0,1,1788338723.6508317
175,sess-175-496760,25,music,hard,C,C,True,1.0,1,1788339371.8128722
106,sess-106-496761,4,movies,medium,B,A,False,0.0,2,1788340019.9749126
36,sess-36-496761,13,geography,medium,A,A,True,1.0,1,1788340668.1369534
146,sess-146-496761,58,history,hard,C,A,False,0.0,1,1788341316.2989938
37,sess-37-496761,21,science,medium,A,B,False,0.0,1,1788341964.4610343
200,sess-200-496761,6,history,hard,B,B,True,1.0,1,1788342612.6230748
162,sess-162-496762,12,science,medium,A,A,True,1.0,1,1788343260.7851152
15,sess-15-496762,1,science,hard,A,A,True,1.0,1,1788343908.9471557
54,sess-54-496762,49,geography,medium,D,A,False,0.0,1,1788344557.1091962
196,sess-196-496762,11,history,medium,B,B,True,1.0,2,1788345205.271237
196,sess-196-496762,50,sports,easy,B,B,True,1.0,1,1788345853.4332774
158,sess-158-496762,28,history,medium,B,B,True,1.0,1,1788346501.5953178
104,sess-104-496763,28,history,medium,C,B,False,0.0,1,1788347149.7573583
2,sess-2-496763,3,music,easy,B,B,True,1.0,1,1788347797.9193988
188,sess-188-496763,24,history,hard,B,C,False,0.0,1,1788348446.0814393
194,sess-194-496763,54,movies,hard,B,B,True,1.0,1,1788349094.24348
5,sess-5-496763,44,sports,medium,A,A,True,1.0,1,1788349742.4055204
188,sess-188-496763,16,science,hard,D,D,True,1.0,1,1788350390.567561
89,sess-89-496764,20,geography,easy,B,B,True,1.0,1,1788351038.7296014
99,sess-99-496764,33,history,hard,A,A,True,1.0,2,1788351686.8916419
43,sess-43-496764,5,science,easy,C,A,False,0.0,1,1788352335.0536823
75,sess-75-496764,30,music,medium,D,B,False,0.0,1,1788352983.215723
135,sess-135-496764,22,sports,hard,C,C,True,1.0,1,1788353631.3777635
176,sess-176-496765,9,science,easy,C,C,True,1.0,1,1788354279.539804
126,sess-126-496765,23,history,medium,A,C,False,0.0,1,1788354927.7018445
104,sess-104-496765,2,history,easy,C,C,True,1.0,2,1788355575.863885
187,sess-187-496765,9,science,easy,C,C,True,1.0,1,1788356224.0259254
6,sess-6-496765,38,music,hard,C,C,True,1.0,1,1788356872.187966
32,sess-32-496765,24,history,hard,A,C,False,0.0,1,1788357520.3500066
97,sess-97-496766,57,geography,easy,C,C,True,1.0,1,1788358168.512047
198,sess-198-496766,35,sports,hard,D,D,True,1.0,1,1788358816.6740875
153,sess-153-496766,4,movies,medium,D,A,False,0.0,1,1788359464.836128
6,sess-6-496766,4,movies,medium,C,A,False,0.0,1,1788360112.9981685
114,sess-114-496766,25,music,hard,C,C,True,1.0,1,1788360761.160209
65,sess-65-496767,31,history,easy,B,A,False,0.0,1,1788361409.3222497
178,sess-178-496767,44,sports,medium,A,A,True,1.0,1,1788362057.4842901
78,sess-78-496767,27,movies,hard,D,B,False,0.0,1,1788362705.6463306
134,sess-134-496767,18,movies,easy,C,C,True,1.0,1,1788363353.808371
180,sess-180-496767,9,science,easy,C,C,True,1.0,1,1788364001.9704115
27,sess-27-496767,33,history,hard,B,A,False,0.0,1,1788364650.132452
73,sess-73-496768,8,history,medium,B,D,False,0.0,1,1788365298.2944927
51,sess-51-496768,39,movies,medium,D,D,True,1.0,2,1788365946.4565332
68,sess-68-496768,54,movies,hard,B,B,True,1.0,1,1788366594.6185737
52,sess-52-496768,23,history,medium,B,C,False,0.0,1,1788367242.7806141
42,sess-42-496768,3,music,easy,B,B,True,1.0,1,1788367890.9426546
54,sess-54-496769,45,movies,medium,B,D,False,0.0,2,1788368539.104695
61,sess-61-496769,1,science,hard,A,A,True,1.0,1,1788369187.2667358
23,sess-23-496769,59,science,hard,A,A,True,1.0,1,1788369835.4287763
147,sess-147-496769,43,music,medium,B,B,True,1.0,1,1788370483.5908167
24,sess-24-496769,50,sports,easy,B,B,True,1.0,1,1788371131.7528572
186,sess-186-496769,47,music,hard,A,A,True,1.0,1,1788371779.9148977
66,sess-66-496770,42,history,hard,A,A,True,1.0,1,1788372428.0769382
76,sess-76-496770,17,music,hard,C,C,True,1.0,1,1788373076.2389786
26,sess-26-496770,53,history,medium,B,B,True,1.0,1,1788373724.4010193
11,sess-11-496770,55,movies,medium,A,A,True,1.0,1,1788374372.5630598
174,sess-174-496770,21,science,medium,B,B,True,1.0,1,1788375020.7251003
30,sess-30-496771,7,movies,easy,B,A,False,0.0,1,1788375668.8871408
3,sess-3-496771,55,movies,medium,A,A,True,1.0,1,1788376317.0491812
166,sess-166-496771,11,history,medium,B,B,True,1.0,1,1788376965.2112217
113,sess-113-496771,40,history,easy,C,C,True,1.0,1,1788377613.3732624
188,sess-188-496771,6,history,hard,B,B,True,1.0,1,1788378261.5353029
88,sess-88-496771,12,science,medium,A,A,True,1.0,1,1788378909.6973433
103,sess-103-496772,30,music,medium,B,B,True,1.0,1,1788379557.8593838
99,sess-99-496772,45,movies,medium,B,D,False,0.0,1,1788380206.0214243
167,sess-167-496772,57,geography,easy,A,C,False,0.0,1,1788380854.1834648
34,sess-34-496772,45,movies,medium,A,D,False,0.0,1,1788381502.3455055
27,sess-27-496772,27,movies,hard,C,B,False,0.0,1,1788382150.507546
146,sess-146-496772,44,sports,medium,A,A,True,1.0,2,1788382798.6695864
157,sess-157-496773,25,music,hard,D,C,False,0.0,1,1788383446.831627
8,sess-8-496773,56,science,easy,C,D,False,0.0,1,1788384094.9936674
34,sess-34-496773,31,history,easy,B,A,False,0.0,2,1788384743.1557078
106,sess-106-496773,29,geography,hard,D,D,True,1.0,1,1788385391.3177485
67,sess-67-496773,42,history,hard,A,A,True,1.0,2,1788386039.479789
181,sess-181-496774,56,science,easy,C,D,False,0.0,1,1788386687.6418295
148,sess-148-496774,47,music,hard,A,A,True,1.0,2,1788387335.80387
172,sess-172-496774,56,science,easy,D,D,True,1.0,2,1788387983.9659104
134,sess-134-496774,45,movies,medium,A,D,False,0.0,1,1788388632.127951
111,sess-111-496774,43,music,medium,C,B,False,0.0,1,1788389280.2899914
89,sess-89-496774,43,music,medium,C,B,False,0.0,1,1788389928.452032
39,sess-39-496775,54,movies,hard,D,B,False,0.0,1,1788390576.6140726
14,sess-14-496775,1,science,hard,A,A,True,1.0,1,1788391224.776113
41,sess-41-496775,33,history,hard,C,A,False,0.0,1,1788391872.9381535
43,sess-43-496775,5,science,easy,C,A,False,0.0,2,1788392521.100194
62,sess-62-496775,22,sports,hard,A,C,False,0.0,1,1788393169.2622344
130,sess-130-496776,15,movies,easy,D,D,True,1.0,1,1788393817.4242752
97,sess-97-496776,26,movies,hard,B,A,False,0.0,1,1788394465.5863156
118,sess-118-496776,29,geography,hard,B,D,False,0.0,1,1788395113.748356
23,sess-23-496776,55,movies,medium,A,A,True,1.0,1,1788395761.9103966
81,sess-81-496776,8,history,medium,C,D,False,0.0,1,1788396410.072437
168,sess-168-496776,2,history,easy,C,C,True,1.0,1,1788397058.2344775
106,sess-106-496777,3,music,easy,B,B,True,1.0,1,1788397706.3965182
1,sess-1-496777,53,history,medium,B,B,True,1.0,1,1788398354.5585587
155,sess-155-496777,40,history,easy,C,C,True,1.0,1,1788399002.7205992
131,sess-131-496777,36,history,medium,D,D,True,1.0,1,1788399650.8826396
172,sess-172-496777,30,music,medium,C,B,False,0.0,1,1788400299.04468
14,sess-14-496778,53,history,medium,B,B,True,1.0,1,1788400947.2067206
117,sess-117-496778,22,sports,hard,C,C,True,1.0,1,1788401595.3687613
159,sess-159-496778,39,movies,medium,D,D,True,1.0,1,1788402243.5308018
169,sess-169-496778,24,history,hard,A,C,False,0.0,1,1788402891.6928422
25,sess-25-496778,49,geography,medium,B,A,False,0.0,1,1788403539.8548827
88,sess-88-496778,23,history,medium,B,C,False,0.0,1,1788404188.0169232
141,sess-141-496779,34,history,hard,C,C,True,1.0,1,1788404836.1789637
28,sess-28-496779,3,music,easy,C,B,False,0.0,1,1788405484.3410041
36,sess-36-496779,53,history,medium,D,B,False,0.0,1,1788406132.5030448
105,sess-105-496779,7,movies,easy,A,A,True,1.0,1,1788406780.6650853
51,sess-51-496779,13,geography,medium,A,A,True,1.0,1,1788407428.8271258
101,sess-101-496780,14,science,hard,C,C,True,1.0,1,1788408076.9891663
49,sess-49-496780,46,music,hard,A,A,True,1.0,1,1788408725.1512067
194,sess-194-496780,27,movies,hard,B,B,True,1.0,1,1788409373.3132472
163,sess-163-496780,54,movies,hard,A,B,False,0.0,2,1788410021.475288
198,sess-198-496780,58,history,hard,A,A,True,1.0,1,1788410669.6373284
169,sess-169-496780,38,music,hard,A,C,False,0.0,1,1788411317.7993689
128,sess-128-496781,1,science,hard,A,A,True,1.0,1,1788411965.9614093
13,sess-13-496781,36,history,medium,C,D,False,0.0,1,1788412614.1234498
124,sess-124-496781,60,science,hard,D,D,True,1.0,1,1788413262.2854903
46,sess-46-496781,45,movies,medium,D,D,True,1.0,1,1788413910.447531
188,sess-188-496781,53,history,medium,B,B,True,1.0,1,1788414558.6095715
100,sess-100-496782,43,music,medium,B,B,True,1.0,1,1788415206.771612
83,sess-83-496782,33,history,hard,C,A,False,0.0,1,1788415854.9336524
156,sess-156-496782,59,science,hard,B,A,False,0.0,1,1788416503.0956929
71,sess-71-496782,26,movies,hard,C,A,False,0.0,2,1788417151.2577333
116,sess-116-496782,52,music,medium,A,A,True,1.0,1,1788417799.419774
106,sess-106-496782,39,movies,medium,C,D,False,0.0,1,1788418447.5818145
132,sess-132-496783,20,geography,easy,D,B,False,0.0,1,1788419095.743855
81,sess-81-496783,46,music,hard,D,A,False,0.0,1,1788419743.9058955
162,sess-162-496783,14,science,hard,C,C,True,1.0,1,1788420392.067936
160,sess-160-496783,46,music,hard,A,A,True,1.0,1,1788421040.2299764
89,sess-89-496783,59,science,hard,D,A,False,0.0,1,1788421688.392017
167,sess-167-496783,12,science,medium,A,A,True,1.0,1,1788422336.5540576
178,sess-178-496784,41,science,easy,D,D,True,1.0,2,1788422984.716098
30,sess-30-496784,49,geography,medium,A,A,True,1.0,1,1788423632.8781385
123,sess-123-496784,38,music,hard,C,C,True,1.0,1,1788424281.040179
171,sess-171-496784,46,music,hard,A,A,True,1.0,1,1788424929.2022195
192,sess-192-496784,58,history,hard,C,A,False,0.0,2,1788425577.36426
109,sess-109-496785,52,music,medium,A,A,True,1.0,1,1788426225.5263007
28,sess-28-496785,2,history,easy,C,C,True,1.0,1,1788426873.6883411
14,sess-14-496785,43,music,medium,B,B,True,1.0,1,1788427521.8503816
69,sess-69-496785,49,geography,medium,C,A,False,0.0,1,1788428170.012422
175,sess-175-496785,17,music,hard,C,C,True,1.0,1,1788428818.1744626
16,sess-16-496785,45,movies,medium,A,D,False,0.0,1,1788429466.336503
193,sess-193-496786,35,sports,hard,D,D,True,1.0,1,1788430114.4985437
116,sess-116-496786,7,movies,easy,A,A,True,1.0,1,1788430762.6605842
173,sess-173-496786,48,music,medium,C,C,True,1.0,1,1788431410.8226247
58,sess-58-496786,48,music,medium,C,C,True,1.0,1,1788432058.9846652
100,sess-100-496786,16,science,hard,D,D,True,1.0,1,1788432707.1467056
179,sess-179-496787,19,science,hard,B,A,False,0.0,1,1788433355.308746
98,sess-98-496787,25,music,hard,C,C,True,1.0,3,1788434003.4707868
176,sess-176-496787,21,science,medium,A,B,False,0.0,2,1788434651.6328273
4,sess-4-496787,48,music,medium,C,C,True,1.0,1,1788435299.7948678
159,sess-159-496787,56,science,easy,B,D,False,0.0,1,1788435947.9569082
58,sess-58-496787,59,science,hard,A,A,True,1.0,1,1788436596.1189487
182,sess-182-496788,42,history,hard,A,A,True,1.0,1,1788437244.2809892
151,sess-151-496788,35,sports,hard,A,D,False,0.0,1,1788437892.4430296
199,sess-199-496788,47,music,hard,C,A,False,0.0,1,1788438540.6050704
115,sess-115-496788,12,science,medium,B,A,False,0.0,1,1788439188.7671108
48,sess-48-496788,12,science,medium,B,A,False,0.0,2,1788439836.9291513
97,sess-97-496789,3,music,easy,B,B,True,1.0,1,1788440485.0911918
143,sess-143-496789,17,music,hard,C,C,True,1.0,1,1788441133.2532322
150,sess-150-496789,55,movies,medium,A,A,True,1.0,1,1788441781.4152727
85,sess-85-496789,30,music,medium,A,B,False,0.0,1,1788442429.5773134
11,sess-11-496789,10,geography,medium,C,D,False,0.0,1,1788443077.739354
14,sess-14-496789,50,sports,easy,D,B,False,0.0,1,1788443725.9013944
170,sess-170-496790,20,geography,easy,B,B,True,1.0,1,1788444374.0634348
147,sess-147-496790,36,history,medium,D,D,True,1.0,1,1788445022.2254753
182,sess-182-496790,21,science,medium,B,B,True,1.0,1,1788445670.3875158
48,sess-48-496790,34,history,hard,C,C,True,1.0,1,1788446318.5495565
130,sess-130-496790,11,history,medium,B,B,True,1.0,1,1788446966.711597
138,sess-138-496791,26,movies,hard,A,A,True,1.0,1,1788447614.8736374
57,sess-57-496791,57,geography,easy,C,C,True,1.0,1,1788448263.035678
85,sess-85-496791,22,sports,hard,C,C,True,1.0,1,1788448911.1977184
56,sess-56-496791,49,geography,medium,A,A,True,1.0,2,1788449559.3597589
122,sess-122-496791,36,history,medium,C,D,False,0.0,1,1788450207.5217996
3,sess-3-496791,8,history,medium,B,D,False,0.0,1,1788450855.68384
62,sess-62-496792,58,history,hard,A,A,True,1.0,1,1788451503.8458805
160,sess-160-496792,16,science,hard,C,D,False,0.0,2,1788452152.007921
83,sess-83-496792,25,music,hard,A,C,False,0.0,1,1788452800.1699615
99,sess-99-496792,17,music,hard,C,C,True,1.0,1,1788453448.332002
73,sess-73-496792,2,history,easy,B,C,False,0.0,2,1788454096.4940424
132,sess-132-496792,52,music,medium,A,A,True,1.0,1,1788454744.656083
125,sess-125-496793,3,music,easy,B,B,True,1.0,1,1788455392.8181236
167,sess-167-496793,13,geography,medium,A,A,True,1.0,1,1788456040.980164
22,sess-22-496793,7,movies,easy,A,A,True,1.0,1,1788456689.1422045
198,sess-198-496793,35,sports,hard,D,D,True,1.0,2,1788457337.304245
161,sess-161-496793,5,science,easy,A,A,True,1.0,1,1788457985.4662855
162,sess-162-496794,50,sports,easy,B,B,True,1.0,1,1788458633.6283262
176,sess-176-496794,28,history,medium,A,B,False,0.0,1,1788459281.7903666
138,sess-138-496794,54,movies,hard,D,B,False,0.0,1,1788459929.9524071
199,sess-199-496794,28,history,medium,B,B,True,1.0,1,1788460578.1144476
19,sess-19-496794,48,music,medium,A,C,False,0.0,1,1788461226.276488
118,sess-118-496794,46,music,hard,A,A,True,1.0,2,1788461874.4385285
23,sess-23-496795,5,science,easy,A,A,True,1.0,1,1788462522.6005692
65,sess-65-496795,36,history,medium,D,D,True,1.0,1,1788463170.7626097
59,sess-59-496795,59,science,hard,A,A,True,1.0,1,1788463818.9246502
100,sess-100-496795,29,geography,hard,D,D,True,1.0,1,1788464467.0866907
111,sess-111-496795,21,science,medium,B,B,True,1.0,1,1788465115.2487311
173,sess-173-496796,8,history,medium,D,D,True,1.0,1,1788465763.4107716
165,sess-165-496796,47,music,hard,A,A,True,1.0,1,1788466411.5728123
194,sess-194-496796,48,music,medium,C,C,True,1.0,1,1788467059.7348528
180,sess-180-496796,55,movies,medium,A,A,True,1.0,1,1788467707.8968933
129,sess-129-496796,7,movies,easy,A,A,True,1.0,1,1788468356.0589337
176,sess-176-496796,20,geography,easy,B,B,True,1.0,1,1788469004.2209742
73,sess-73-496797,49,geography,medium,C,A,False,0.0,1,1788469652.3830147
102,sess-102-496797,53,history,medium,C,B,False,0.0,2,1788470300.5450552
41,sess-41-496797,35,sports,hard,D,D,True,1.0,1,1788470948.7070959
192,sess-192-496797,26,movies,hard,D,A,False,0.0,2,1788471596.8691363
76,sess-76-496797,41,science,easy,D,D,True,1.0,1,1788472245.0311768
174,sess-174-496798,57,geography,easy,D,C,False,0.0,1,1788472893.1932173
166,sess-166-496798,24,history,hard,A,C,False,0.0,2,1788473541.3552577
142,sess-142-496798,56,science,easy,D,D,True,1.0,2,1788474189.5172982
32,sess-32-496798,3,music,easy,B,B,True,1.0,1,1788474837.679339
153,sess-153-496798,26,movies,hard,A,A,True,1.0,2,1788475485.8413794
22,sess-22-496798,20,geography,easy,B,B,True,1.0,1,1788476134.0034199
190,sess-190-496799,58,history,hard,B,A,False,0.0,2,1788476782.1654603
106,sess-106-496799,58,history,hard,A,A,True,1.0,1,1788477430.3275008
132,sess-132-496799,10,geography,medium,D,D,True,1.0,1,1788478078.4895413
57,sess-57-496799,40,history,easy,A,C,False,0.0,1,1788478726.651582
30,sess-30-496799,12,science,medium,D,A,False,0.0,1,1788479374.8136225
14,sess-14-496800,55,movies,medium,D,A,False,0.0,1,1788480022.975663
119,sess-119-496800,42,history,hard,A,A,True,1.0,1,1788480671.1377034
75,sess-75-496800,43,music,medium,B,B,True,1.0,1,1788481319.299744
26,sess-26-496800,13,geography,medium,C,A,False,0.0,1,1788481967.4617844
85,sess-85-496800,23,history,medium,C,C,True,1.0,1,1788482615.623825
168,sess-168-496800,16,science,hard,D,D,True,1.0,1,1788483263.7858655
159,sess-159-496801,5,science,easy,C,A,False,0.0,3,1788483911.947906
125,sess-125-496801,29,geography,hard,D,D,True,1.0,1,1788484560.1099465
169,sess-169-496801,20,geography,easy,A,B,False,0.0,1,1788485208.271987
145,sess-145-496801,37,history,hard,B,B,True,1.0,1,1788485856.4340274
81,sess-81-496801,28,history,medium,B,B,True,1.0,1,1788486504.596068
81,sess-81-496801,16,science,hard,C,D,False,0.0,1,1788487152.7581086
190,sess-190-496802,42,history,hard,A,A,True,1.0,2,1788487800.920149
93,sess-93-496802,9,science,easy,B,C,False,0.0,1,1788488449.0821896
123,sess-123-496802,30,music,medium,B,B,True,1.0,1,1788489097.24423
199,sess-199-496802,20,geography,easy,B,B,True,1.0,1,1788489745.4062705
28,sess-28-496802,12,science,medium,A,A,True,1.0,1,1788490393.568311
21,sess-21-496803,54,movies,hard,B,B,True,1.0,1,1788491041.7303517
36,sess-36-496803,58,history,hard,A,A,True,1.0,1,1788491689.8923922
68,sess-68-496803,47,music,hard,B,A,False,0.0,2,1788492338.0544326
187,sess-187-496803,5,science,easy,D,A,False,0.0,1,1788492986.216473
162,sess-162-496803,2,history,easy,D,C,False,0.0,1,1788493634.3785136
104,sess-104-496803,50,sports,easy,B,B,True,1.0,1,1788494282.540554
10,sess-10-496804,36,history,medium,D,D,True,1.0,2,1788494930.7025948
139,sess-139-496804,31,history,easy,B,A,False,0.0,1,1788495578.8646352
94,sess-94-496804,26,movies,hard,A,A,True,1.0,1,1788496227.0266757
198,sess-198-496804,38,music,hard,B,C,False,0.0,2,1788496875.1887162
35,sess-35-496804,30,music,medium,B,B,True,1.0,1,1788497523.3507566
24,sess-24-496805,26,movies,hard,A,A,True,1.0,1,1788498171.512797
3,sess-3-496805,43,music,medium,B,B,True,1.0,1,1788498819.6748376
158,sess-158-496805,44,sports,medium,A,A,True,1.0,2,1788499467.8368783
132,sess-132-496805,9,science,easy,C,C,True,1.0,1,1788500115.9989188
46,sess-46-496805,37,history,hard,D,B,False,0.0,1,1788500764.1609592
38,sess-38-496805,48,music,medium,B,C,False,0.0,1,1788501412.3229997
11,sess-11-496806,15,movies,easy,A,D,False,0.0,2,1788502060.4850402
17,sess-17-496806,17,music,hard,C,C,True,1.0,1,1788502708.6470807
11,sess-11-496806,43,music,medium,B,B,True,1.0,1,1788503356.8091214
93,sess-93-496806,25,music,hard,C,C,True,1.0,1,1788504004.9711618
117,sess-117-496806,57,geography,easy,C,C,True,1.0,1,1788504653.1332023
167,sess-167-496807,21,science,medium,B,B,True,1.0,1,1788505301.2952428
134,sess-134-496807,41,science,easy,C,D,False,0.0,1,1788505949.4572833
68,sess-68-496807,38,music,hard,C,C,True,1.0,1,1788506597.6193237
45,sess-45-496807,25,music,hard,B,C,False,0.0,1,1788507245.7813644
151,sess-151-496807,42,history,hard,B,A,False,0.0,1,1788507893.943405
133,sess-133-496807,17,music,hard,C,C,True,1.0,1,1788508542.1054454
58,sess-58-496808,34,history,hard,C,C,True,1.0,1,1788509190.2674859
89,sess-89-496808,32,sports,medium,D,C,False,0.0,1,1788509838.4295263
2,sess-2-496808,33,history,hard,C,A,False,0.0,2,1788510486.5915668
43,sess-43-496808,15,movies,easy,D,D,True,1.0,1,1788511134.7536075
165,sess-165-496808,18,movies,easy,C,C,True,1.0,1,1788511782.915648
48,sess-48-496809,11,history,medium,B,B,True,1.0,1,1788512431.0776885
184,sess-184-496809,53,history,medium,B,B,True,1.0,1,1788513079.239729
59,sess-59-496809,27,movies,hard,D,B,False,0.0,1,1788513727.4017694
30,sess-30-496809,31,history,easy,C,A,False,0.0,1,1788514375.5638099
54,sess-54-496809,38,music,hard,C,C,True,1.0,2,1788515023.7258503
106,sess-106-496809,2,history,easy,C,C,True,1.0,1,1788515671.887891
33,sess-33-496810,37,history,hard,B,B,True,1.0,1,1788516320.0499315
35,sess-35-496810,41,science,easy,D,D,True,1.0,1,1788516968.211972
147,sess-147-496810,10,geography,medium,D,D,True,1.0,1,1788517616.3740125
67,sess-67-496810,60,science,hard,D,D,True,1.0,1,1788518264.536053
104,sess-104-496810,39,movies,medium,C,D,False,0.0,1,1788518912.6980934
5,sess-5-496810,57,geography,easy,D,C,False,0.0,1,1788519560.8601341
73,sess-73-496811,6,history,hard,B,B,True,1.0,2,1788520209.0221746
156,sess-156-496811,31,history,easy,B,A,False,0.0,2,1788520857.184215
57,sess-57-496811,54,movies,hard,B,B,True,1.0,1,1788521505.3462555
37,sess-37-496811,51,movies,easy,C,C,True,1.0,1,1788522153.508296
197,sess-197-496811,12,science,medium,A,A,True,1.0,1,1788522801.6703365
131,sess-131-496812,17,music,hard,C,C,True,1.0,1,1788523449.8323772
176,sess-176-496812,22,sports,hard,D,C,False,0.0,1,1788524097.9944177
152,sess-152-496812,5,science,easy,A,A,True,1.0,1,1788524746.1564581
99,sess-99-496812,9,science,easy,C,C,True,1.0,1,1788525394.3184986
52,sess-52-496812,34,history,hard,D,C,False,0.0,1,1788526042.480539
176,sess-176-496812,27,movies,hard,D,B,False,0.0,1,1788526690.6425796
25,sess-25-496813,12,science,medium,A,A,True,1.0,2,1788527338.8046203
158,sess-158-496813,39,movies,medium,D,D,True,1.0,2,1788527986.9666607
137,sess-137-496813,33,history,hard,B,A,False,0.0,2,1788528635.1287012
124,sess-124-496813,43,music,medium,B,B,True,1.0,1,1788529283.2907417
155,sess-155-496813,35,sports,hard,C,D,False,0.0,1,1788529931.4527822
167,sess-167-496814,28,history,medium,B,B,True,1.0,1,1788530579.6148226
95,sess-95-496814,56,science,easy,D,D,True,1.0,1,1788531227.776863
136,sess-136-496814,28,history,medium,B,B,True,1.0,2,1788531875.9389038
124,sess-124-496814,51,movies,easy,B,C,False,0.0,1,1788532524.1009443
151,sess-151-496814,52,music,medium,D,A,False,0.0,1,1788533172.2629848
148,sess-148-496814,7,movies,easy,A,A,True,1.0,2,1788533820.4250252
66,sess-66-496815,31,history,easy,B,A,False,0.0,1,1788534468.5870657
73,sess-73-496815,39,movies,medium,B,D,False,0.0,1,1788535116.7491062
66,sess-66-496815,13,geography,medium,A,A,True,1.0,1,1788535764.9111469
191,sess-191-496815,51,movies,easy,C,C,True,1.0,1,1788536413.0731874
134,sess-134-496815,8,history,medium,D,D,True,1.0,1,1788537061.2352278
97,sess-97-496816,42,history,hard,A,A,True,1.0,1,1788537709.3972683
81,sess-81-496816,27,movies,hard,B,B,True,1.0,1,1788538357.5593088
40,sess-40-496816,28,history,medium,C,B,False,0.0,1,1788539005.7213492
67,sess-67-496816,55,movies,medium,A,A,True,1.0,1,1788539653.88339
145,sess-145-496816,24,history,hard,C,C,True,1.0,1,1788540302.0454304
175,sess-175-496816,26,movies,hard,C,A,False,0.0,1,1788540950.207471
142,sess-142-496817,51,movies,easy,C,C,True,1.0,1,1788541598.3695114
46,sess-46-496817,24,history,hard,C,C,True,1.0,1,1788542246.5315518
124,sess-124-496817,17,music,hard,D,C,False,0.0,1,1788542894.6935923
89,sess-89-496817,50,sports,easy,D,B,False,0.0,1,1788543542.855633
36,sess-36-496817,55,movies,medium,B,A,False,0.0,1,1788544191.0176735
192,sess-192-496818,15,movies,easy,D,D,True,1.0,1,1788544839.179714
180,sess-180-496818,11,history,medium,B,B,True,1.0,1,1788545487.3417544
131,sess-131-496818,26,movies,hard,D,A,False,0.0,1,1788546135.503795
158,sess-158-496818,45,movies,medium,A,D,False,0.0,1,1788546783.6658354
42,sess-42-496818,25,music,hard,A,C,False,0.0,1,1788547431.8278759
24,sess-24-496818,53,history,medium,B,B,True,1.0,1,1788548079.9899166
154,sess-154-496819,28,history,medium,B,B,True,1.0,1,1788548728.151957
68,sess-68-496819,15,movies,easy,D,D,True,1.0,2,1788549376.3139975
156,sess-156-496819,3,music,easy,C,B,False,0.0,1,1788550024.476038
158,sess-158-496819,42,history,hard,A,A,True,1.0,1,1788550672.6380785
183,sess-183-496819,39,movies,medium,D,D,True,1.0,1,1788551320.800119
199,sess-199-496819,53,history,medium,B,B,True,1.0,1,1788551968.9621596
127,sess-127-496820,29,geography,hard,D,D,True,1.0,1,1788552617.1242
169,sess-169-496820,60,science,hard,B,D,False,0.0,1,1788553265.2862406
50,sess-50-496820,3,music,easy,D,B,False,0.0,1,1788553913.448281
133,sess-133-496820,45,movies,medium,D,D,True,1.0,1,1788554561.6103215
44,sess-44-496820,44,sports,medium,A,A,True,1.0,1,1788555209.772362
62,sess-62-496821,42,history,hard,A,A,True,1.0,1,1788555857.9344027
41,sess-41-496821,6,history,hard,C,B,False,0.0,1,1788556506.0964432
91,sess-91-496821,43,music,medium,B,B,True,1.0,1,1788557154.2584836
151,sess-151-496821,13,geography,medium,A,A,True,1.0,1,1788557802.4205241
189,sess-189-496821,46,music,hard,A,A,True,1.0,1,1788558450.5825646
24,sess-24-496821,36,history,medium,D,D,True,1.0,1,1788559098.744605
144,sess-144-496822,59,science,hard,A,A,True,1.0,1,1788559746.9066458
89,sess-89-496822,53,history,medium,B,B,True,1.0,1,1788560395.0686862
156,sess-156-496822,13,geography,medium,A,A,True,1.0,1,1788561043.2307267
104,sess-104-496822,37,history,hard,B,B,True,1.0,1,1788561691.3927672
45,sess-45-496822,27,movies,hard,B,B,True,1.0,1,1788562339.5548077
144,sess-144-496823,5,science,easy,A,A,True,1.0,1,1788562987.7168481
88,sess-88-496823,8,history,medium,B,D,False,0.0,1,1788563635.8788886
138,sess-138-496823,53,history,medium,C,B,False,0.0,1,1788564284.0409293
178,sess-178-496823,29,geography,hard,C,D,False,0.0,1,1788564932.2029698
124,sess-124-496823,50,sports,easy,B,B,True,1.0,1,1788565580.3650103
87,sess-87-496823,50,sports,easy,B,B,True,1.0,1,1788566228.5270507
118,sess-118-496824,58,history,hard,A,A,True,1.0,1,1788566876.6890912
8,sess-8-496824,31,history,easy,A,A,True,1.0,1,1788567524.8511317
18,sess-18-496824,25,music,hard,C,C,True,1.0,1,1788568173.0131724
57,sess-57-496824,44,sports,medium,C,A,False,0.0,1,1788568821.1752129
106,sess-106-496824,23,history,medium,C,C,True,1.0,1,1788569469.3372533
3,sess-3-496825,45,movies,medium,A,D,False,0.0,2,1788570117.4992938
74,sess-74-496825,6,history,hard,B,B,True,1.0,1,1788570765.6613343
192,sess-192-496825,53,history,medium,B,B,True,1.0,1,1788571413.8233747
142,sess-142-496825,60,science,hard,D,D,True,1.0,1,1788572061.9854155
81,sess-81-496825,23,history,medium,C,C,True,1.0,1,1788572710.147456
147,sess-147-496825,18,movies,easy,C,C,True,1.0,2,1788573358.3094964
192,sess-192-496826,44,sports,medium,B,A,False,0.0,1,1788574006.4715369
128,sess-128-496826,48,music,medium,C,C,True,1.0,1,1788574654.6335773
189,sess-189-496826,16,science,hard,A,D,False,0.0,1,1788575302.7956178
59,sess-59-496826,13,geography,medium,D,A,False,0.0,1,1788575950.9576585
92,sess-92-496826,10,geography,medium,A,D,False,0.0,1,1788576599.119699
21,sess-21-496827,44,sports,medium,C,A,False,0.0,1,1788577247.2817395
158,sess-158-496827,1,science,hard,D,A,False,0.0,1,1788577895.44378
11,sess-11-496827,55,movies,medium,A,A,True,1.0,2,1788578543.6058204
159,sess-159-496827,21,science,medium,B,B,True,1.0,1,1788579191.767861
148,sess-148-496827,56,science,easy,D,D,True,1.0,1,1788579839.9299014
47,sess-47-496827,49,geography,medium,C,A,False,0.0,1,1788580488.091942
102,sess-102-496828,15,movies,easy,A,D,False,0.0,1,1788581136.2539825
14,sess-14-496828,34,history,hard,B,C,False,0.0,1,1788581784.416023
139,sess-139-496828,3,music,easy,B,B,True,1.0,1,1788582432.5780635
101,sess-101-496828,56,science,easy,A,D,False,0.0,1,1788583080.740104
118,sess-118-496828,8,history,medium,B,D,False,0.0,2,1788583728.9021444
81,sess-81-496828,45,movies,medium,D,D,True,1.0,1,1788584377.0641851
173,sess-173-496829,14,science,hard,C,C,True,1.0,1,1788585025.2262256
26,sess-26-496829,21,science,medium,B,B,True,1.0,1,1788585673.388266
67,sess-67-496829,12,science,medium,A,A,True,1.0,2,1788586321.5503066
61,sess-61-496829,18,movies,easy,C,C,True,1.0,1,1788586969.712347
157,sess-157-496829,22,sports,hard,C,C,True,1.0,1,1788587617.8743875
128,sess-128-496830,28,history,medium,B,B,True,1.0,1,1788588266.0364282
180,sess-180-496830,49,geography,medium,A,A,True,1.0,2,1788588914.1984687
103,sess-103-496830,18,movies,easy,C,C,True,1.0,1,1788589562.3605092
147,sess-147-496830,9,science,easy,D,C,False,0.0,1,1788590210.5225496
59,sess-59-496830,53,history,medium,B,B,True,1.0,2,1788590858.68459
70,sess-70-496830,52,music,medium,A,A,True,1.0,1,1788591506.8466306
111,sess-111-496831,55,movies,medium,A,A,True,1.0,1,1788592155.0086713
38,sess-38-496831,52,music,medium,B,A,False,0.0,1,1788592803.1707118
122,sess-122-496831,52,music,medium,A,A,True,1.0,2,1788593451.3327522
108,sess-108-496831,32,sports,medium,C,C,True,1.0,1,1788594099.4947927
162,sess-162-496831,34,history,hard,C,C,True,1.0,1,1788594747.6568332
81,sess-81-496832,51,movies,easy,C,C,True,1.0,1,1788595395.8188736
65,sess-65-496832,36,history,medium,A,D,False,0.0,2,1788596043.980914
102,sess-102-496832,7,movies,easy,B,A,False,0.0,1,1788596692.1429548
56,sess-56-496832,53,history,medium,B,B,True,1.0,1,1788597340.3049953
162,sess-162-496832,7,movies,easy,A,A,True,1.0,1,1788597988.4670358
86,sess-86-496832,17,music,hard,C,C,True,1.0,1,1788598636.6290762
144,sess-144-496833,36,history,medium,B,D,False,0.0,2,1788599284.7911167
89,sess-89-496833,2,history,easy,C,C,True,1.0,1,1788599932.9531572
90,sess-90-496833,56,science,easy,C,D,False,0.0,1,1788600581.115198
51,sess-51-496833,37,history,hard,B,B,True,1.0,1,1788601229.2772384
167,sess-167-496833,35,sports,hard,D,D,True,1.0,1,1788601877.4392788
200,sess-200-496834,19,science,hard,A,A,True,1.0,1,1788602525.6013193
173,sess-173-496834,33,history,hard,A,A,True,1.0,1,1788603173.7633598
189,sess-189-496834,29,geography,hard,B,D,False,0.0,1,1788603821.9254003
158,sess-158-496834,19,science,hard,A,A,True,1.0,1,1788604470.087441
38,sess-38-496834,56,science,easy,D,D,True,1.0,1,1788605118.2494814
87,sess-87-496834,27,movies,hard,B,B,True,1.0,1,1788605766.411522
147,sess-147-496835,26,movies,hard,B,A,False,0.0,2,1788606414.5735624
21,sess-21-496835,11,history,medium,B,B,True,1.0,2,1788607062.7356029
81,sess-81-496835,21,science,medium,D,B,False,0.0,1,1788607710.8976433
69,sess-69-496835,39,movies,medium,D,D,True,1.0,1,1788608359.059684
70,sess-70-496835,57,geography,easy,C,C,True,1.0,1,1788609007.2217245
93,sess-93-496836,48,music,medium,C,C,True,1.0,1,1788609655.383765
116,sess-116-496836,27,movies,hard,B,B,True,1.0,1,1788610303.5458055
6,sess-6-496836,9,science,easy,D,C,False,0.0,1,1788610951.707846
65,sess-65-496836,48,music,medium,A,C,False,0.0,1,1788611599.8698864
54,sess-54-496836,11,history,medium,B,B,True,1.0,1,1788612248.0319269
25,sess-25-496836,5,science,easy,C,A,False,0.0,1,1788612896.1939676
141,sess-141-496837,4,movies,medium,A,A,True,1.0,1,1788613544.356008
102,sess-102-496837,34,history,hard,A,C,False,0.0,1,1788614192.5180485
27,sess-27-496837,17,music,hard,C,C,True,1.0,1,1788614840.680089
22,sess-22-496837,42,history,hard,C,A,False,0.0,1,1788615488.8421295
80,sess-80-496837,15,movies,easy,D,D,True,1.0,1,1788616137.00417
73,sess-73-496837,29,geography,hard,D,D,True,1.0,1,1788616785.1662107
34,sess-34-496838,34,history,hard,A,C,False,0.0,1,1788617433.3282511
9,sess-9-496838,43,music,medium,B,B,True,1.0,1,1788618081.4902916
84,sess-84-496838,56,science,easy,D,D,True,1.0,3,1788618729.652332
139,sess-139-496838,60,science,hard,D,D,True,1.0,1,1788619377.8143725
114,sess-114-496838,9,science,easy,D,C,False,0.0,1,1788620025.976413
139,sess-139-496839,12,science,medium,A,A,True,1.0,1,1788620674.1384537
117,sess-117-496839,41,science,easy,C,D,False,0.0,1,1788621322.3004942
112,sess-112-496839,34,history,hard,C,C,True,1.0,1,1788621970.4625347
137,sess-137-496839,20,geography,easy,C,B,False,0.0,1,1788622618.6245751
139,sess-139-496839,15,movies,easy,B,D,False,0.0,1,1788623266.7866156
79,sess-79-496839,24,history,hard,C,C,True,1.0,1,1788623914.948656
40,sess-40-496840,20,geography,easy,B,B,True,1.0,2,1788624563.1106966
134,sess-134-496840,53,history,medium,A,B,False,0.0,1,1788625211.2727373
89,sess-89-496840,19,science,hard,A,A,True,1.0,1,1788625859.4347777
3,sess-3-496840,45,movies,medium,B,D,False,0.0,3,1788626507.5968182
77,sess-77-496840,1,science,hard,C,A,False,0.0,1,1788627155.7588587
153,sess-153-496841,15,movies,easy,C,D,False,0.0,2,1788627803.9208992
96,sess-96-496841,13,geography,medium,A,A,True,1.0,1,1788628452.0829396
144,sess-144-496841,28,history,medium,B,B,True,1.0,1,1788629100.2449803
42,sess-42-496841,46,music,hard,C,A,False,0.0,1,1788629748.4070208
97,sess-97-496841,15,movies,easy,D,D,True,1.0,1,1788630396.5690613
109,sess-109-496841,41,science,easy,D,D,True,1.0,1,1788631044.7311018
196,sess-196-496842,52,music,medium,D,A,False,0.0,1,1788631692.8931422
176,sess-176-496842,18,movies,easy,C,C,True,1.0,1,1788632341.0551827
191,sess-191-496842,35,sports,hard,B,D,False,0.0,1,1788632989.2172234
49,sess-49-496842,55,movies,medium,A,A,True,1.0,1,1788633637.3792639
35,sess-35-496842,19,science,hard,A,A,True,1.0,1,1788634285.5413043
117,sess-117-496843,40,history,easy,C,C,True,1.0,1,1788634933.7033448
180,sess-180-496843,40,history,easy,C,C,True,1.0,1,1788635581.8653853
83,sess-83-496843,2,history,easy,C,C,True,1.0,1,1788636230.0274258
137,sess-137-496843,2,history,easy,C,C,True,1.0,1,1788636878.1894665
27,sess-27-496843,19,science,hard,A,A,True,1.0,1,1788637526.351507
184,sess-184-496843,29,geography,hard,A,D,False,0.0,1,1788638174.5135474
24,sess-24-496844,10,geography,medium,D,D,True,1.0,1,1788638822.675588
56,sess-56-496844,22,sports,hard,C,C,True,1.0,1,1788639470.8376284
128,sess-128-496844,24,history,hard,C,C,True,1.0,1,1788640118.9996688
9,sess-9-496844,22,sports,hard,C,C,True,1.0,1,1788640767.1617093
193,sess-193-496844,10,geography,medium,D,D,True,1.0,1,1788641415.32375
199,sess-199-496845,26,movies,hard,A,A,True,1.0,1,1788642063.4857905
121,sess-121-496845,12,science,medium,A,A,True,1.0,1,1788642711.647831
65,sess-65-496845,53,history,medium,B,B,True,1.0,1,1788643359.8098714
4,sess-4-496845,8,history,medium,C,D,False,0.0,1,1788644007.971912
64,sess-64-496845,25,music,hard,B,C,False,0.0,1,1788644656.1339524
64,sess-64-496845,48,music,medium,A,C,False,0.0,1,1788645304.295993
118,sess-118-496846,48,music,medium,D,C,False,0.0,1,1788645952.4580336
171,sess-171-496846,14,science,hard,C,C,True,1.0,1,1788646600.620074
175,sess-175-496846,20,geography,easy,A,B,False,0.0,1,1788647248.7821145
162,sess-162-496846,47,music,hard,A,A,True,1.0,1,1788647896.944155
141,sess-141-496846,34,history,hard,C,C,True,1.0,2,1788648545.1061954
124,sess-124-496846,41,science,easy,D,D,True,1.0,1,1788649193.2682362
93,sess-93-496847,57,geography,easy,C,C,True,1.0,1,1788649841.4302766
171,sess-171-496847,14,science,hard,A,C,False,0.0,2,1788650489.592317
163,sess-163-496847,28,history,medium,B,B,True,1.0,1,1788651137.7543576
43,sess-43-496847,51,movies,easy,C,C,True,1.0,1,1788651785.916398
31,sess-31-496847,26,movies,hard,B,A,False,0.0,1,1788652434.0784385
11,sess-11-496848,38,music,hard,B,C,False,0.0,1,1788653082.2404792
177,sess-177-496848,39,movies,medium,D,D,True,1.0,1,1788653730.4025197
198,sess-198-496848,6,history,hard,B,B,True,1.0,1,1788654378.5645602
128,sess-128-496848,6,history,hard,C,B,False,0.0,1,1788655026.7266006
195,sess-195-496848,41,science,easy,D,D,True,1.0,1,1788655674.888641
92,sess-92-496848,42,history,hard,A,A,True,1.0,1,1788656323.0506816
138,sess-138-496849,51,movies,easy,C,C,True,1.0,1,1788656971.212722
125,sess-125-496849,15,movies,easy,D,D,True,1.0,1,1788657619.3747628
143,sess-143-496849,51,movies,easy,C,C,True,1.0,1,1788658267.5368032
89,sess-89-496849,52,music,medium,D,A,False,0.0,1,1788658915.6988437
50,sess-50-496849,2,history,easy,B,C,False,0.0,1,1788659563.8608842
186,sess-186-496850,9,science,easy,C,C,True,1.0,1,1788660212.0229247
11,sess-11-496850,32,sports,medium,D,C,False,0.0,1,1788660860.1849651
76,sess-76-496850,35,sports,hard,A,D,False,0.0,1,1788661508.3470058
146,sess-146-496850,12,science,medium,A,A,True,1.0,1,1788662156.5090463
83,sess-83-496850,47,music,hard,A,A,True,1.0,1,1788662804.6710868
154,sess-154-496850,59,science,hard,B,A,False,0.0,1,1788663452.8331273
18,sess-18-496851,34,history,hard,C,C,True,1.0,1,1788664100.9951677
76,sess-76-496851,53,history,medium,B,B,True,1.0,1,1788664749.1572082
94,sess-94-496851,30,music,medium,B,B,True,1.0,1,1788665397.319249
164,sess-164-496851,33,history,hard,A,A,True,1.0,2,1788666045.4812894
48,sess-48-496851,57,geography,easy,C,C,True,1.0,1,1788666693.6433299
94,sess-94-496852,50,sports,easy,B,B,True,1.0,1,1788667341.8053703
83,sess-83-496852,47,music,hard,A,A,True,1.0,2,1788667989.9674108
138,sess-138-496852,53,history,medium,B,B,True,1.0,2,1788668638.1294513
135,sess-135-496852,44,sports,medium,A,A,True,1.0,1,1788669286.291492
142,sess-142-496852,10,geography,medium,D,D,True,1.0,3,1788669934.4535325
83,sess-83-496852,27,movies,hard,B,B,True,1.0,1,1788670582.615573
29,sess-29-496853,7,movies,easy,A,A,True,1.0,1,1788671230.7776134
18,sess-18-496853,3,music,easy,A,B,False,0.0,2,1788671878.9396539
46,sess-46-496853,56,science,easy,D,D,True,1.0,2,1788672527.1016943
28,sess-28-496853,32,sports,medium,C,C,True,1.0,1,1788673175.2637348
9,sess-9-496853,37,history,hard,B,B,True,1.0,1,1788673823.4257755
100,sess-100-496854,43,music,medium,B,B,True,1.0,2,1788674471.587816
160,sess-160-496854,45,movies,medium,D,D,True,1.0,1,1788675119.7498565
13,sess-13-496854,24,history,hard,C,C,True,1.0,1,1788675767.911897
184,sess-184-496854,5,science,easy,A,A,True,1.0,1,1788676416.0739374
54,sess-54-496854,42,history,hard,A,A,True,1.0,1,1788677064.235978
21,sess-21-496854,30,music,medium,A,B,False,0.0,1,1788677712.3980186
93,sess-93-496855,36,history,medium,B,D,False,0.0,3,1788678360.560059
95,sess-95-496855,51,movies,easy,D,C,False,0.0,1,1788679008.7220995
69,sess-69-496855,34,history,hard,C,C,True,1.0,1,1788679656.88414
19,sess-19-496855,54,movies,hard,B,B,True,1.0,1,1788680305.0461805
56,sess-56-496855,34,history,hard,C,C,True,1.0,1,1788680953.208221
186,sess-186-496856,15,movies,easy,D,D,True,1.0,1,1788681601.3702617
49,sess-49-496856,13,geography,medium,A,A,True,1.0,1,1788682249.5323021
64,sess-64-496856,37,history,hard,B,B,True,1.0,1,1788682897.6943426
46,sess-46-496856,36,history,medium,B,D,False,0.0,1,1788683545.856383
192,sess-192-496856,7,movies,easy,D,A,False,0.0,1,1788684194.0184236
92,sess-92-496856,44,sports,medium,A,A,True,1.0,1,1788684842.180464
171,sess-171-496857,28,history,medium,A,B,False,0.0,1,1788685490.3425047
47,sess-47-496857,36,history,medium,D,D,True,1.0,1,1788686138.5045452
87,sess-87-496857,43,music,medium,B,B,True,1.0,2,1788686786.6665857
154,sess-154-496857,29,geography,hard,B,D,False,0.0,1,1788687434.8286262
141,sess-141-496857,21,science,medium,C,B,False,0.0,1,1788688082.9906666
196,sess-196-496857,41,science,easy,D,D,True,1.0,1,1788688731.152707
186,sess-186-496858,21,science,medium,B,B,True,1.0,1,1788689379.3147476
145,sess-145-496858,35,sports,hard,D,D,True,1.0,1,1788690027.4767883
197,sess-197-496858,36,history,medium,B,D,False,0.0,2,1788690675.6388288
93,sess-93-496858,29,geography,hard,D,D,True,1.0,1,1788691323.8008692
102,sess-102-496858,1,science,hard,C,A,False,0.0,1,1788691971.9629097
153,sess-153-496859,2,history,easy,C,C,True,1.0,1,1788692620.1249502
78,sess-78-496859,1,science,hard,A,A,True,1.0,2,1788693268.2869906
57,sess-57-496859,14,science,hard,A,C,False,0.0,1,1788693916.4490314
198,sess-198-496859,53,history,medium,C,B,False,0.0,1,1788694564.6110718
142,sess-142-496859,33,history,hard,A,A,True,1.0,1,1788695212.7731123
147,sess-147-496859,10,geography,medium,D,D,True,1.0,2,1788695860.9351528
118,sess-118-496860,23,history,medium,C,C,True,1.0,2,1788696509.0971932
68,sess-68-496860,24,history,hard,A,C,False,0.0,1,1788697157.2592337
60,sess-60-496860,17,music,hard,A,C,False,0.0,1,1788697805.4212744
147,sess-147-496860,26,movies,hard,A,A,True,1.0,3,1788698453.583315
56,sess-56-496860,47,music,hard,A,A,True,1.0,1,1788699101.7453554
84,sess-84-496861,51,movies,easy,C,C,True,1.0,2,1788699749.9073958
125,sess-125-496861,53,history,medium,D,B,False,0.0,2,1788700398.0694363
148,sess-148-496861,53,history,medium,D,B,False,0.0,1,1788701046.2314768
165,sess-165-496861,20,geography,easy,B,B,True,1.0,1,1788701694.3935175
148,sess-148-496861,25,music,hard,C,C,True,1.0,2,1788702342.555558
15,sess-15-496861,59,science,hard,C,A,False,0.0,1,1788702990.7175984
112,sess-112-496862,27,movies,hard,A,B,False,0.0,1,1788703638.879639
198,sess-198-496862,15,movies,easy,C,D,False,0.0,1,1788704287.0416794
3,sess-3-496862,41,science,easy,B,D,False,0.0,1,1788704935.2037199
14,sess-14-496862,20,geography,easy,B,B,True,1.0,1,1788705583.3657603
82,sess-82-496862,35,sports,hard,D,D,True,1.0,1,1788706231.527801
84,sess-84-496863,33,history,hard,B,A,False,0.0,1,1788706879.6898415
13,sess-13-496863,44,sports,medium,C,A,False,0.0,2,1788707527.851882
115,sess-115-496863,49,geography,medium,A,A,True,1.0,1,1788708176.0139225
130,sess-130-496863,6,history,hard,B,B,True,1.0,1,1788708824.175963
75,sess-75-496863,51,movies,easy,C,C,True,1.0,1,1788709472.3380034
34,sess-34-496863,22,sports,hard,C,C,True,1.0,1,1788710120.500044
147,sess-147-496864,48,music,medium,C,C,True,1.0,1,1788710768.6620846
103,sess-103-496864,17,music,hard,C,C,True,1.0,1,1788711416.824125
129,sess-129-496864,28,history,medium,A,B,False,0.0,1,1788712064.9861655
196,sess-196-496864,9,science,easy,C,C,True,1.0,1,1788712713.148206
51,sess-51-496864,32,sports,medium,C,C,True,1.0,1,1788713361.3102465
147,sess-147-496865,13,geography,medium,A,A,True,1.0,1,1788714009.4722872
189,sess-189-496865,34,history,hard,C,C,True,1.0,1,1788714657.6343277
19,sess-19-496865,18,movies,easy,B,C,False,0.0,1,1788715305.7963681
176,sess-176-496865,60,science,hard,D,D,True,1.0,1,1788715953.9584086
29,sess-29-496865,43,music,medium,B,B,True,1.0,1,1788716602.120449
94,sess-94-496865,23,history,medium,C,C,True,1.0,1,1788717250.2824895
89,sess-89-496866,39,movies,medium,B,D,False,0.0,2,1788717898.4445302
44,sess-44-496866,23,history,medium,C,C,True,1.0,1,1788718546.6065707
114,sess-114-496866,40,history,easy,C,C,True,1.0,2,1788719194.7686112
12,sess-12-496866,60,science,hard,A,D,False,0.0,1,1788719842.9306517
176,sess-176-496866,24,history,hard,C,C,True,1.0,2,1788720491.0926921
187,sess-187-496866,55,movies,medium,A,A,True,1.0,1,1788721139.2547326
190,sess-190-496867,4,movies,medium,A,A,True,1.0,1,1788721787.416773
159,sess-159-496867,60,science,hard,D,D,True,1.0,1,1788722435.5788138
74,sess-74-496867,1,science,hard,A,A,True,1.0,1,1788723083.7408543
29,sess-29-496867,20,geography,easy,B,B,True,1.0,1,1788723731.9028947
6,sess-6-496867,22,sports,hard,C,C,True,1.0,1,1788724380.0649352
138,sess-138-496868,14,science,hard,C,C,True,1.0,1,1788725028.2269757
134,sess-134-496868,49,geography,medium,A,A,True,1.0,1,1788725676.3890162
124,sess-124-496868,40,history,easy,A,C,False,0.0,1,1788726324.5510569
178,sess-178-496868,45,movies,medium,B,D,False,0.0,1,1788726972.7130973
150,sess-150-496868,58,history,hard,B,A,False,0.0,1,1788727620.8751378
66,sess-66-496868,11,history,medium,B,B,True,1.0,1,1788728269.0371783
52,sess-52-496869,51,movies,easy,B,C,False,0.0,1,1788728917.1992188
14,sess-14-496869,30,music,medium,A,B,False,0.0,1,1788729565.3612592
18,sess-18-496869,25,music,hard,D,C,False,0.0,2,1788730213.5233
169,sess-169-496869,24,history,hard,A,C,False,0.0,2,1788730861.6853404
75,sess-75-496869,56,science,easy,B,D,False,0.0,1,1788731509.8473809
60,sess-60-496870,25,music,hard,C,C,True,1.0,2,1788732158.0094213
182,sess-182-496870,7,movies,easy,C,A,False,0.0,1,1788732806.1714618
153,sess-153-496870,35,sports,hard,D,D,True,1.0,1,1788733454.3335023
51,sess-51-496870,33,history,hard,D,A,False,0.0,1,1788734102.495543
183,sess-183-496870,2,history,easy,C,C,True,1.0,1,1788734750.6575835
136,sess-136-496870,20,geography,easy,B,B,True,1.0,1,1788735398.819624
101,sess-101-496871,48,music,medium,C,C,True,1.0,1,1788736046.9816644
89,sess-89-496871,44,sports,medium,A,A,True,1.0,1,1788736695.143705
161,sess-161-496871,20,geography,easy,B,B,True,1.0,1,1788737343.3057454
129,sess-129-496871,18,movies,easy,D,C,False,0.0,1,1788737991.4677858
66,sess-66-496871,57,geography,easy,C,C,True,1.0,1,1788738639.6298265
8,sess-8-496872,36,history,medium,A,D,False,0.0,1,1788739287.791867
39,sess-39-496872,22,sports,hard,D,C,False,0.0,2,1788739935.9539075
36,sess-36-496872,6,history,hard,D,B,False,0.0,1,1788740584.115948
174,sess-174-496872,40,history,easy,D,C,False,0.0,1,1788741232.2779884
59,sess-59-496872,27,movies,hard,B,B,True,1.0,2,1788741880.440029
40,sess-40-496872,28,history,medium,D,B,False,0.0,2,1788742528.6020696
85,sess-85-496873,29,geography,hard,D,D,True,1.0,2,1788743176.76411
53,sess-53-496873,42,history,hard,A,A,True,1.0,1,1788743824.9261506
139,sess-139-496873,44,sports,medium,B,A,False,0.0,1,1788744473.088191
80,sess-80-496873,45,movies,medium,C,D,False,0.0,1,1788745121.2502315
35,sess-35-496873,28,history,medium,A,B,False,0.0,1,1788745769.412272
168,sess-168-496874,60,science,hard,D,D,True,1.0,1,1788746417.5743127
41,sess-41-496874,21,science,medium,B,B,True,1.0,1,1788747065.7363532
137,sess-137-496874,47,music,hard,A,A,True,1.0,2,1788747713.8983936
82,sess-82-496874,54,movies,hard,D,B,False,0.0,1,1788748362.060434
8,sess-8-496874,49,geography,medium,A,A,True,1.0,1,1788749010.2224746
106,sess-106-496874,27,movies,hard,B,B,True,1.0,2,1788749658.384515
191,sess-191-496875,60,science,hard,C,D,False,0.0,1,1788750306.5465555
190,sess-190-496875,18,movies,easy,C,C,True,1.0,1,1788750954.7085962
49,sess-49-496875,7,movies,easy,A,A,True,1.0,1,1788751602.8706367
7,sess-7-496875,49,geography,medium,D,A,False,0.0,1,1788752251.0326772
69,sess-69-496875,39,movies,medium,D,D,True,1.0,2,1788752899.1947176
60,sess-60-496875,39,movies,medium,D,D,True,1.0,1,1788753547.356758
176,sess-176-496876,2,history,easy,C,C,True,1.0,1,1788754195.5187986
177,sess-177-496876,50,sports,easy,B,B,True,1.0,1,1788754843.6808393
129,sess-129-496876,55,movies,medium,A,A,True,1.0,1,1788755491.8428798
183,sess-183-496876,42,history,hard,A,A,True,1.0,2,1788756140.0049202
100,sess-100-496876,32,sports,medium,C,C,True,1.0,1,1788756788.1669607
42,sess-42-496877,13,geography,medium,A,A,True,1.0,1,1788757436.3290012
105,sess-105-496877,49,geography,medium,C,A,False,0.0,1,1788758084.4910417
106,sess-106-496877,15,movies,easy,A,D,False,0.0,1,1788758732.6530824
194,sess-194-496877,14,science,hard,C,C,True,1.0,1,1788759380.8151228
113,sess-113-496877,56,science,easy,D,D,True,1.0,1,1788760028.9771633
177,sess-177-496877,21,science,medium,A,B,False,0.0,1,1788760677.1392038
110,sess-110-496878,26,movies,hard,D,A,False,0.0,1,1788761325.3012443
189,sess-189-496878,53,history,medium,B,B,True,1.0,1,1788761973.4632847
81,sess-81-496878,26,movies,hard,A,A,True,1.0,2,1788762621.6253254
191,sess-191-496878,37,history,hard,B,B,True,1.0,1,1788763269.787366
135,sess-135-496878,42,history,hard,B,A,False,0.0,1,1788763917.9494064
134,sess-134-496879,7,movies,easy,A,A,True,1.0,1,1788764566.1114469
11,sess-11-496879,57,geography,easy,D,C,False,0.0,1,1788765214.2734873
138,sess-138-496879,26,movies,hard,B,A,False,0.0,2,1788765862.4355278
143,sess-143-496879,25,music,hard,C,C,True,1.0,1,1788766510.5975683
162,sess-162-496879,4,movies,medium,A,A,True,1.0,1,1788767158.759609
113,sess-113-496879,26,movies,hard,C,A,False,0.0,1,1788767806.9216495
119,sess-119-496880,11,history,medium,B,B,True,1.0,1,1788768455.08369
157,sess-157-496880,59,science,hard,A,A,True,1.0,1,1788769103.2457304
133,sess-133-496880,58,history,hard,A,A,True,1.0,2,1788769751.4077709
166,sess-166-496880,29,geography,hard,D,D,True,1.0,2,1788770399.5698113
129,sess-129-496880,8,history,medium,D,D,True,1.0,1,1788771047.731852
150,sess-150-496881,58,history,hard,B,A,False,0.0,2,1788771695.8938925
101,sess-101-496881,27,movies,hard,B,B,True,1.0,1,1788772344.055933
7,sess-7-496881,12,science,medium,A,A,True,1.0,1,1788772992.2179735
183,sess-183-496881,58,history,hard,A,A,True,1.0,1,1788773640.380014
117,sess-117-496881,6,history,hard,B,B,True,1.0,1,1788774288.5420544
178,sess-178-496881,42,history,hard,B,A,False,0.0,1,1788774936.7040951
184,sess-184-496882,47,music,hard,A,A,True,1.0,1,1788775584.8661356
30,sess-30-496882,46,music,hard,A,A,True,1.0,1,1788776233.028176
93,sess-93-496882,6,history,hard,B,B,True,1.0,1,1788776881.1902165
99,sess-99-496882,47,music,hard,D,A,False,0.0,1,1788777529.352257
157,sess-157-496882,11,history,medium,B,B,True,1.0,1,1788778177.5142975
98,sess-98-496883,3,music,easy,C,B,False,0.0,1,1788778825.6763382
145,sess-145-496883,56,science,easy,A,D,False,0.0,1,1788779473.8383787
42,sess-42-496883,56,science,easy,D,D,True,1.0,1,1788780122.0004191
197,sess-197-496883,46,music,hard,A,A,True,1.0,1,1788780770.1624596
79,sess-79-496883,20,geography,easy,C,B,False,0.0,1,1788781418.3245
74,sess-74-496883,41,science,easy,D,D,True,1.0,2,1788782066.4865406
34,sess-34-496884,13,geography,medium,A,A,True,1.0,1,1788782714.648581
196,sess-196-496884,17,music,hard,C,C,True,1.0,2,1788783362.8106217
128,sess-128-496884,55,movies,medium,A,A,True,1.0,2,1788784010.9726622
2,sess-2-496884,39,movies,medium,A,D,False,0.0,1,1788784659.1347027
56,sess-56-496884,38,music,hard,B,C,False,0.0,1,1788785307.2967432
105,sess-105-496884,29,geography,hard,D,D,True,1.0,2,1788785955.4587836
154,sess-154-496885,1,science,hard,A,A,True,1.0,1,1788786603.620824
141,sess-141-496885,18,movies,easy,C,C,True,1.0,2,1788787251.7828648
143,sess-143-496885,53,history,medium,A,B,False,0.0,1,1788787899.9449053
48,sess-48-496885,10,geography,medium,D,D,True,1.0,1,1788788548.1069458
90,sess-90-496885,3,music,easy,B,B,True,1.0,1,1788789196.2689862
9,sess-9-496886,43,music,medium,B,B,True,1.0,2,1788789844.4310267
155,sess-155-496886,20,geography,easy,B,B,True,1.0,1,1788790492.5930672
23,sess-23-496886,4,movies,medium,A,A,True,1.0,1,1788791140.7551079
46,sess-46-496886,11,history,medium,D,B,False,0.0,1,1788791788.9171484
170,sess-170-496886,45,movies,medium,C,D,False,0.0,1,1788792437.0791888
144,sess-144-496886,12,science,medium,D,A,False,0.0,1,1788793085.2412293
149,sess-149-496887,24,history,hard,A,C,False,0.0,2,1788793733.4032698
197,sess-197-496887,20,geography,easy,B,B,True,1.0,1,1788794381.5653102
98,sess-98-496887,53,history,medium,B,B,True,1.0,1,1788795029.727351
110,sess-110-496887,54,movies,hard,B,B,True,1.0,1,1788795677.8893914
75,sess-75-496887,31,history,easy,A,A,True,1.0,1,1788796326.051432
178,sess-178-496888,56,science,easy,D,D,True,1.0,1,1788796974.2134724
135,sess-135-496888,27,movies,hard,B,B,True,1.0,1,1788797622.3755128
179,sess-179-496888,14,science,hard,C,C,True,1.0,1,1788798270.5375533
28,sess-28-496888,37,history,hard,D,B,False,0.0,1,1788798918.6995938
136,sess-136-496888,6,history,hard,B,B,True,1.0,1,1788799566.8616345
177,sess-177-496888,39,movies,medium,C,D,False,0.0,2,1788800215.023675
74,sess-74-496889,28,history,medium,B,B,True,1.0,2,1788800863.1857154
82,sess-82-496889,17,music,hard,C,C,True,1.0,1,1788801511.347756
160,sess-160-496889,23,history,medium,D,C,False,0.0,1,1788802159.5097964
145,sess-145-496889,32,sports,medium,C,C,True,1.0,1,1788802807.6718369
162,sess-162-496889,32,sports,medium,C,C,True,1.0,1,1788803455.8338776
47,sess-47-496890,57,geography,easy,C,C,True,1.0,1,1788804103.995918
182,sess-182-496890,19,science,hard,B,A,False,0.0,1,1788804752.1579585
31,sess-31-496890,2,history,easy,C,C,True,1.0,1,1788805400.319999
31,sess-31-496890,48,music,medium,D,C,False,0.0,1,1788806048.4820395
107,sess-107-496890,27,movies,hard,B,B,True,1.0,1,1788806696.64408
90,sess-90-496890,36,history,medium,A,D,False,0.0,1,1788807344.8061206
3,sess-3-496891,41,science,easy,D,D,True,1.0,2,1788807992.968161
73,sess-73-496891,17,music,hard,B,C,False,0.0,1,1788808641.1302016
77,sess-77-496891,33,history,hard,A,A,True,1.0,2,1788809289.292242
197,sess-197-496891,1,science,hard,A,A,True,1.0,1,1788809937.4542825
86,sess-86-496891,22,sports,hard,C,C,True,1.0,1,1788810585.616323
146,sess-146-496892,40,history,easy,A,C,False,0.0,1,1788811233.7783637
50,sess-50-496892,22,sports,hard,D,C,False,0.0,1,1788811881.9404042
123,sess-123-496892,59,science,hard,A,A,True,1.0,1,1788812530.1024446
10,sess-10-496892,42,history,hard,A,A,True,1.0,1,1788813178.2644851
40,sess-40-496892,41,science,easy,D,D,True,1.0,1,1788813826.4265256
138,sess-138-496892,58,history,hard,A,A,True,1.0,1,1788814474.588566
106,sess-106-496893,60,science,hard,C,D,False,0.0,1,1788815122.7506065
77,sess-77-496893,37,history,hard,C,B,False,0.0,1,1788815770.9126472
143,sess-143-496893,35,sports,hard,D,D,True,1.0,1,1788816419.0746877
148,sess-148-496893,44,sports,medium,A,A,True,1.0,1,1788817067.2367282
91,sess-91-496893,5,science,easy,C,A,False,0.0,1,1788817715.3987687
8,sess-8-496893,22,sports,hard,D,C,False,0.0,2,1788818363.5608091
137,sess-137-496894,54,movies,hard,B,B,True,1.0,1,1788819011.7228496
156,sess-156-496894,25,music,hard,C,C,True,1.0,1,1788819659.8848903
30,sess-30-496894,56,science,easy,B,D,False,0.0,1,1788820308.0469308
181,sess-181-496894,55,movies,medium,A,A,True,1.0,1,1788820956.2089713
9,sess-9-496894,18,movies,easy,C,C,True,1.0,1,1788821604.3710117
128,sess-128-496895,57,geography,easy,C,C,True,1.0,1,1788822252.5330522
116,sess-116-496895,54,movies,hard,A,B,False,0.0,1,1788822900.6950927
135,sess-135-496895,20,geography,easy,B,B,True,1.0,1,1788823548.8571334
96,sess-96-496895,51,movies,easy,C,C,True,1.0,1,1788824197.0191739
52,sess-52-496895,59,science,hard,A,A,True,1.0,1,1788824845.1812143
130,sess-130-496895,2,history,easy,D,C,False,0.0,1,1788825493.3432548
40,sess-40-496896,13,geography,medium,A,A,True,1.0,2,1788826141.5052953
124,sess-124-496896,47,music,hard,C,A,False,0.0,1,1788826789.6673357
199,sess-199-496896,21,science,medium,B,B,True,1.0,1,1788827437.8293765
26,sess-26-496896,53,history,medium,D,B,False,0.0,2,1788828085.991417
174,sess-174-496896,9,science,easy,C,C,True,1.0,1,1788828734.1534574
10,sess-10-496897,30,music,medium,B,B,True,1.0,2,1788829382.3154979
134,sess-134-496897,8,history,medium,D,D,True,1.0,2,1788830030.4775383
12,sess-12-496897,44,sports,medium,B,A,False,0.0,1,1788830678.6395788
86,sess-86-496897,30,music,medium,A,B,False,0.0,1,1788831326.8016193
134,sess-134-496897,50,sports,easy,C,B,False,0.0,1,1788831974.96366
6,sess-6-496897,37,history,hard,D,B,False,0.0,1,1788832623.1257005
54,sess-54-496898,21,science,medium,B,B,True,1.0,1,1788833271.287741
74,sess-74-496898,18,movies,easy,C,C,True,1.0,1,1788833919.4497814
198,sess-198-496898,29,geography,hard,B,D,False,0.0,1,1788834567.611822
39,sess-39-496898,11,history,medium,B,B,True,1.0,2,1788835215.7738624
4,sess-4-496898,40,history,easy,C,C,True,1.0,1,1788835863.935903
27,sess-27-496899,14,science,hard,C,C,True,1.0,1,1788836512.0979435
141,sess-141-496899,21,science,medium,B,B,True,1.0,2,1788837160.259984
181,sess-181-496899,52,music,medium,A,A,True,1.0,1,1788837808.4220245
63,sess-63-496899,11,history,medium,B,B,True,1.0,1,1788838456.584065
157,sess-157-496899,58,history,hard,A,A,True,1.0,1,1788839104.7461054
114,sess-114-496899,4,movies,medium,A,A,True,1.0,1,1788839752.9081461
121,sess-121-496900,58,history,hard,B,A,False,0.0,2,1788840401.0701866
99,sess-99-496900,4,movies,medium,A,A,True,1.0,1,1788841049.232227
101,sess-101-496900,12,science,medium,D,A,False,0.0,1,1788841697.3942676
162,sess-162-496900,54,movies,hard,C,B,False,0.0,1,1788842345.556308
158,sess-158-496900,23,history,medium,C,C,True,1.0,1,1788842993.7183485
51,sess-51-496901,46,music,hard,D,A,False,0.0,2,1788843641.8803892
21,sess-21-496901,60,science,hard,B,D,False,0.0,1,1788844290.0424297
146,sess-146-496901,9,science,easy,C,C,True,1.0,1,1788844938.2044702
179,sess-179-496901,30,music,medium,B,B,True,1.0,1,1788845586.3665106
80,sess-80-496901,44,sports,medium,A,A,True,1.0,1,1788846234.528551
197,sess-197-496901,30,music,medium,B,B,True,1.0,1,1788846882.6905916
58,sess-58-496902,10,geography,medium,C,D,False,0.0,1,1788847530.852632
67,sess-67-496902,59,science,hard,A,A,True,1.0,1,1788848179.0146728
47,sess-47-496902,45,movies,medium,B,D,False,0.0,1,1788848827.1767132
84,sess-84-496902,30,music,medium,B,B,True,1.0,1,1788849475.3387537
17,sess-17-496902,31,history,easy,A,A,True,1.0,1,1788850123.5007942
123,sess-123-496902,30,music,medium,C,B,False,0.0,2,1788850771.6628346
197,sess-197-496903,23,history,medium,C,C,True,1.0,1,1788851419.824875
33,sess-33-496903,33,history,hard,A,A,True,1.0,1,1788852067.9869158
183,sess-183-496903,51,movies,easy,C,C,True,1.0,1,1788852716.1489563
143,sess-143-496903,42,history,hard,A,A,True,1.0,1,1788853364.3109968
78,sess-78-496903,35,sports,hard,D,D,True,1.0,1,1788854012.4730372
152,sess-152-496904,27,movies,hard,B,B,True,1.0,1,1788854660.6350777
63,sess-63-496904,36,history,medium,D,D,True,1.0,1,1788855308.7971182
124,sess-124-496904,25,music,hard,C,C,True,1.0,1,1788855956.959159
54,sess-54-496904,53,history,medium,C,B,False,0.0,1,1788856605.1211994
112,sess-112-496904,37,history,hard,D,B,False,0.0,1,1788857253.2832398
178,sess-178-496904,16,science,hard,D,D,True,1.0,1,1788857901.4452803
172,sess-172-496905,5,science,easy,D,A,False,0.0,1,1788858549.6073208
147,sess-147-496905,54,movies,hard,B,B,True,1.0,1,1788859197.7693613
152,sess-152-496905,39,movies,medium,D,D,True,1.0,1,1788859845.931402
143,sess-143-496905,7,movies,easy,B,A,False,0.0,1,1788860494.0934424
79,sess-79-496905,26,movies,hard,A,A,True,1.0,1,1788861142.255483
28,sess-28-496906,44,sports,medium,C,A,False,0.0,2,1788861790.4175234
84,sess-84-496906,32,sports,medium,C,C,True,1.0,1,1788862438.5795639
16,sess-16-496906,6,history,hard,B,B,True,1.0,2,1788863086.7416043
36,sess-36-496906,57,geography,easy,C,C,True,1.0,1,1788863734.9036448
194,sess-194-496906,41,science,easy,A,D,False,0.0,1,1788864383.0656855
170,sess-170-496906,10,geography,medium,D,D,True,1.0,2,1788865031.227726
75,sess-75-496907,25,music,hard,C,C,True,1.0,2,1788865679.3897665
115,sess-115-496907,13,geography,medium,A,A,True,1.0,1,1788866327.551807
82,sess-82-496907,20,geography,easy,B,B,True,1.0,1,1788866975.7138474
174,sess-174-496907,20,geography,easy,C,B,False,0.0,1,1788867623.8758879
184,sess-184-496907,59,science,hard,A,A,True,1.0,1,1788868272.0379286
23,sess-23-496908,38,music,hard,C,C,True,1.0,2,1788868920.199969
131,sess-131-496908,26,movies,hard,C,A,False,0.0,2,1788869568.3620095
16,sess-16-496908,24,history,hard,A,C,False,0.0,1,1788870216.52405
1,sess-1-496908,46,music,hard,A,A,True,1.0,1,1788870864.6860905
92,sess-92-496908,8,history,medium,A,D,False,0.0,1,1788871512.848131
61,sess-61-496908,28,history,medium,C,B,False,0.0,1,1788872161.0101717
161,sess-161-496909,21,science,medium,C,B,False,0.0,2,1788872809.1722121
98,sess-98-496909,28,history,medium,B,B,True,1.0,1,1788873457.3342526
170,sess-170-496909,12,science,medium,A,A,True,1.0,1,1788874105.496293
49,sess-49-496909,36,history,medium,D,D,True,1.0,1,1788874753.6583335
93,sess-93-496909,54,movies,hard,B,B,True,1.0,1,1788875401.820374
74,sess-74-496910,56,science,easy,A,D,False,0.0,1,1788876049.9824145
3,sess-3-496910,5,science,easy,A,A,True,1.0,1,1788876698.1444552
37,sess-37-496910,47,music,hard,D,A,False,0.0,1,1788877346.3064957
112,sess-112-496910,9,science,easy,C,C,True,1.0,1,1788877994.4685361
165,sess-165-496910,52,music,medium,A,A,True,1.0,2,1788878642.6305766
117,sess-117-496910,58,history,hard,D,A,False,0.0,1,1788879290.792617
109,sess-109-496911,40,history,easy,C,C,True,1.0,1,1788879938.9546576
131,sess-131-496911,28,history,medium,B,B,True,1.0,1,1788880587.1166983
116,sess-116-496911,25,music,hard,C,C,True,1.0,1,1788881235.2787387
48,sess-48-496911,28,history,medium,B,B,True,1.0,2,1788881883.4407792
148,sess-148-496911,32,sports,medium,A,C,False,0.0,1,1788882531.6028197
183,sess-183-496911,33,history,hard,A,A,True,1.0,1,1788883179.7648602
140,sess-140-496912,37,history,hard,B,B,True,1.0,1,1788883827.9269006
10,sess-10-496912,37,history,hard,B,B,True,1.0,1,1788884476.0889413
95,sess-95-496912,8,history,medium,D,D,True,1.0,1,1788885124.2509818
177,sess-177-496912,6,history,hard,B,B,True,1.0,1,1788885772.4130223
188,sess-188-496912,34,history,hard,B,C,False,0.0,1,1788886420.5750628
120,sess-120-496913,34,history,hard,C,C,True,1.0,1,1788887068.7371032
157,sess-157-496913,6,history,hard,B,B,True,1.0,1,1788887716.8991437
162,sess-162-496913,48,music,medium,D,C,False,0.0,1,1788888365.0611844
20,sess-20-496913,44,sports,medium,A,A,True,1.0,1,1788889013.2232249
149,sess-149-496913,20,geography,easy,B,B,True,1.0,1,1788889661.3852654
88,sess-88-496913,35,sports,hard,B,D,False,0.0,1,1788890309.5473058
117,sess-117-496914,33,history,hard,D,A,False,0.0,2,1788890957.7093463
188,sess-188-496914,22,sports,hard,C,C,True,1.0,1,1788891605.8713868
76,sess-76-496914,19,science,hard,A,A,True,1.0,1,1788892254.0334272
178,sess-178-496914,60,science,hard,D,D,True,1.0,1,1788892902.195468
78,sess-78-496914,47,music,hard,C,A,False,0.0,1,1788893550.3575084
16,sess-16-496915,41,science,easy,D,D,True,1.0,1,1788894198.519549
44,sess-44-496915,37,history,hard,B,B,True,1.0,1,1788894846.6815894
75,sess-75-496915,52,music,medium,B,A,False,0.0,1,1788895494.8436298
74,sess-74-496915,32,sports,medium,C,C,True,1.0,1,1788896143.0056703
130,sess-130-496915,5,science,easy,C,A,False,0.0,1,1788896791.167711
65,sess-65-496915,9,science,easy,C,C,True,1.0,1,1788897439.3297515
71,sess-71-496916,55,movies,medium,A,A,True,1.0,1,1788898087.491792
190,sess-190-496916,8,history,medium,D,D,True,1.0,2,1788898735.6538324
152,sess-152-496916,48,music,medium,C,C,True,1.0,1,1788899383.815873
115,sess-115-496916,24,history,hard,B,C,False,0.0,2,1788900031.9779134
180,sess-180-496916,16,science,hard,D,D,True,1.0,1,1788900680.139954
136,sess-136-496917,56,science,easy,D,D,True,1.0,1,1788901328.3019946
22,sess-22-496917,10,geography,medium,D,D,True,1.0,1,1788901976.464035
40,sess-40-496917,54,movies,hard,B,B,True,1.0,1,1788902624.6260755
106,sess-106-496917,50,sports,easy,B,B,True,1.0,1,1788903272.788116
170,sess-170-496917,29,geography,hard,A,D,False,0.0,1,1788903920.9501565
54,sess-54-496917,37,history,hard,C,B,False,0.0,1,1788904569.1121972
14,sess-14-496918,42,history,hard,A,A,True,1.0,1,1788905217.2742376
30,sess-30-496918,4,movies,medium,A,A,True,1.0,1,1788905865.436278
103,sess-103-496918,31,history,easy,A,A,True,1.0,1,1788906513.5983186
192,sess-192-496918,49,geography,medium,B,A,False,0.0,1,1788907161.760359
98,sess-98-496918,44,sports,medium,C,A,False,0.0,1,1788907809.9223995
68,sess-68-496919,10,geography,medium,D,D,True,1.0,1,1788908458.08444
112,sess-112-496919,1,science,hard,A,A,True,1.0,1,1788909106.2464807
115,sess-115-496919,25,music,hard,D,C,False,0.0,1,1788909754.4085212
175,sess-175-496919,3,music,easy,B,B,True,1.0,1,1788910402.5705616
137,sess-137-496919,41,science,easy,D,D,True,1.0,1,1788911050.7326021
111,sess-111-496919,40,history,easy,B,C,False,0.0,1,1788911698.8946426
86,sess-86-496920,18,movies,easy,C,C,True,1.0,1,1788912347.056683
26,sess-26-496920,17,music,hard,B,C,False,0.0,1,1788912995.2187238
119,sess-119-496920,50,sports,easy,A,B,False,0.0,1,1788913643.3807642
188,sess-188-496920,44,sports,medium,A,A,True,1.0,1,1788914291.5428047
50,sess-50-496920,34,history,hard,C,C,True,1.0,1,1788914939.7048452
177,sess-177-496920,12,science,medium,A,A,True,1.0,1,1788915587.8668857
3,sess-3-496921,44,sports,medium,A,A,True,1.0,1,1788916236.0289261
18,sess-18-496921,1,science,hard,A,A,True,1.0,1,1788916884.1909668
135,sess-135-496921,7,movies,easy,C,A,False,0.0,1,1788917532.3530073
57,sess-57-496921,47,music,hard,A,A,True,1.0,1,1788918180.5150478
50,sess-50-496921,3,music,easy,B,B,True,1.0,2,1788918828.6770883
24,sess-24-496922,4,movies,medium,D,A,False,0.0,1,1788919476.8391287
56,sess-56-496922,39,movies,medium,D,D,True,1.0,1,1788920125.0011692
182,sess-182-496922,8,history,medium,D,D,True,1.0,2,1788920773.16321
155,sess-155-496922,9,science,easy,C,C,True,1.0,2,1788921421.3252504
196,sess-196-496922,58,history,hard,A,A,True,1.0,1,1788922069.4872909
48,sess-48-496922,58,history,hard,A,A,True,1.0,1,1788922717.6493313
48,sess-48-496923,17,music,hard,C,C,True,1.0,1,1788923365.8113718
170,sess-170-496923,60,science,hard,D,D,True,1.0,1,1788924013.9734123
117,sess-117-496923,60,science,hard,B,D,False,0.0,1,1788924662.1354527
178,sess-178-496923,58,history,hard,C,A,False,0.0,1,1788925310.2974935
66,sess-66-496923,11,history,medium,C,B,False,0.0,2,1788925958.459534
199,sess-199-496924,4,movies,medium,A,A,True,1.0,1,1788926606.6215744
86,sess-86-496924,4,movies,medium,A,A,True,1.0,1,1788927254.7836149
68,sess-68-496924,12,science,medium,A,A,True,1.0,1,1788927902.9456553
126,sess-126-496924,60,science,hard,D,D,True,1.0,1,1788928551.1076958
101,sess-101-496924,12,science,medium,A,A,True,1.0,2,1788929199.2697365
28,sess-28-496924,10,geography,medium,D,D,True,1.0,2,1788929847.431777
111,sess-111-496925,14,science,hard,C,C,True,1.0,1,1788930495.5938175
28,sess-28-496925,59,science,hard,A,A,True,1.0,1,1788931143.755858
67,sess-67-496925,7,movies,easy,A,A,True,1.0,1,1788931791.9178984
19,sess-19-496925,37,history,hard,C,B,False,0.0,1,1788932440.079939
5,sess-5-496925,58,history,hard,A,A,True,1.0,1,1788933088.2419796
168,sess-168-496926,41,science,easy,D,D,True,1.0,1,1788933736.40402
10,sess-10-496926,43,music,medium,B,B,True,1.0,1,1788934384.5660605
39,sess-39-496926,45,movies,medium,D,D,True,1.0,1,1788935032.728101
101,sess-101-496926,37,history,hard,B,B,True,1.0,1,1788935680.8901415
182,sess-182-496926,50,sports,easy,B,B,True,1.0,1,1788936329.052182
112,sess-112-496926,26,movies,hard,B,A,False,0.0,1,1788936977.2142227
139,sess-139-496927,15,movies,easy,D,D,True,1.0,2,1788937625.3762631
177,sess-177-496927,53,history,medium,A,B,False,0.0,1,1788938273.5383036
146,sess-146-496927,35,sports,hard,B,D,False,0.0,1,1788938921.700344
86,sess-86-496927,44,sports,medium,A,A,True,1.0,1,1788939569.8623846
15,sess-15-496927,41,science,easy,C,D,False,0.0,2,1788940218.024425
24,sess-24-496928,24,history,hard,C,C,True,1.0,1,1788940866.1864655
88,sess-88-496928,6,history,hard,C,B,False,0.0,1,1788941514.3485062
166,sess-166-496928,13,geography,medium,A,A,True,1.0,1,1788942162.5105467
11,sess-11-496928,25,music,hard,B,C,False,0.0,1,1788942810.6725872
179,sess-179-496928,25,music,hard,D,C,False,0.0,2,1788943458.8346276
177,sess-177-496928,23,history,medium,C,C,True,1.0,1,1788944106.996668
162,sess-162-496929,29,geography,hard,A,D,False,0.0,1,1788944755.1587086
10,sess-10-496929,13,geography,medium,A,A,True,1.0,1,1788945403.3207493
152,sess-152-496929,16,science,hard,D,D,True,1.0,1,1788946051.4827898
17,sess-17-496929,51,movies,easy,C,C,True,1.0,2,1788946699.6448302
79,sess-79-496929,32,sports,medium,C,C,True,1.0,2,1788947347.8068707
116,sess-116-496929,2,history,easy,C,C,True,1.0,1,1788947995.9689112
15,sess-15-496930,22,sports,hard,A,C,False,0.0,1,1788948644.1309516
104,sess-104-496930,8,history,medium,D,D,True,1.0,2,1788949292.2929924
168,sess-168-496930,43,music,medium,B,B,True,1.0,1,1788949940.4550328
174,sess-174-496930,56,science,easy,A,D,False,0.0,1,1788950588.6170733
190,sess-190-496930,38,music,hard,C,C,True,1.0,1,1788951236.7791138
19,sess-19-496931,3,music,easy,C,B,False,0.0,2,1788951884.9411542
168,sess-168-496931,2,history,easy,C,C,True,1.0,2,1788952533.1031947
159,sess-159-496931,3,music,easy,B,B,True,1.0,1,1788953181.2652354
167,sess-167-496931,9,science,easy,C,C,True,1.0,1,1788953829.427276
162,sess-162-496931,4,movies,medium,B,A,False,0.0,2,1788954477.5893164
117,sess-117-496931,40,history,easy,C,C,True,1.0,2,1788955125.7513568
152,sess-152-496932,5,science,easy,B,A,False,0.0,2,1788955773.9133973
30,sess-30-496932,32,sports,medium,C,C,True,1.0,1,1788956422.0754378
158,sess-158-496932,15,movies,easy,D,D,True,1.0,1,1788957070.2374783
52,sess-52-496932,28,history,medium,B,B,True,1.0,1,1788957718.399519
189,sess-189-496932,44,sports,medium,A,A,True,1.0,1,1788958366.5615594
31,sess-31-496933,44,sports,medium,A,A,True,1.0,1,1788959014.7236
36,sess-36-496933,21,science,medium,A,B,False,0.0,1,1788959662.8856404
196,sess-196-496933,3,music,easy,B,B,True,1.0,1,1788960311.0476809
86,sess-86-496933,5,science,easy,A,A,True,1.0,2,1788960959.2097213
37,sess-37-496933,49,geography,medium,A,A,True,1.0,2,1788961607.371762
179,sess-179-496933,24,history,hard,C,C,True,1.0,1,1788962255.5338025
113,sess-113-496934,16,science,hard,A,D,False,0.0,1,1788962903.695843
35,sess-35-496934,7,movies,easy,D,A,False,0.0,1,1788963551.8578835
157,sess-157-496934,25,music,hard,A,C,False,0.0,2,1788964200.019924
125,sess-125-496934,6,history,hard,B,B,True,1.0,1,1788964848.1819644
46,sess-46-496934,60,science,hard,D,D,True,1.0,1,1788965496.344005
167,sess-167-496935,38,music,hard,B,C,False,0.0,1,1788966144.5060456
178,sess-178-496935,52,music,medium,C,A,False,0.0,1,1788966792.668086
178,sess-178-496935,9,science,easy,C,C,True,1.0,1,1788967440.8301265
164,sess-164-496935,18,movies,easy,C,C,True,1.0,1,1788968088.992167
106,sess-106-496935,16,science,hard,C,D,False,0.0,1,1788968737.1542075
178,sess-178-496935,3,music,easy,B,B,True,1.0,1,1788969385.3162482
184,sess-184-496936,32,sports,medium,C,C,True,1.0,1,1788970033.4782887
23,sess-23-496936,41,science,easy,B,D,False,0.0,1,1788970681.6403291
90,sess-90-496936,27,movies,hard,B,B,True,1.0,1,1788971329.8023696
61,sess-61-496936,13,geography,medium,A,A,True,1.0,1,1788971977.96441
136,sess-136-496936,7,movies,easy,A,A,True,1.0,1,1788972626.1264505
195,sess-195-496937,35,sports,hard,D,D,True,1.0,2,1788973274.288491
119,sess-119-496937,50,sports,easy,B,B,True,1.0,2,1788973922.4505317
54,sess-54-496937,18,movies,easy,C,C,True,1.0,1,1788974570.6125722
29,sess-29-496937,51,movies,easy,C,C,True,1.0,1,1788975218.7746127
122,sess-122-496937,32,sports,medium,C,C,True,1.0,1,1788975866.9366531
172,sess-172-496937,60,science,hard,D,D,True,1.0,1,1788976515.0986936
166,sess-166-496938,24,history,hard,C,C,True,1.0,3,1788977163.260734
112,sess-112-496938,17,music,hard,C,C,True,1.0,1,1788977811.4227748
195,sess-195-496938,30,music,medium,B,B,True,1.0,1,1788978459.5848153
190,sess-190-496938,4,movies,medium,B,A,False,0.0,2,1788979107.7468557
41,sess-41-496938,51,movies,easy,C,C,True,1.0,1,1788979755.9088962
132,sess-132-496939,8,history,medium,D,D,True,1.0,1,1788980404.0709367
61,sess-61-496939,47,music,hard,A,A,True,1.0,1,1788981052.2329772
149,sess-149-496939,21,science,medium,B,B,True,1.0,1,1788981700.3950179
192,sess-192-496939,44,sports,medium,B,A,False,0.0,2,1788982348.5570583
200,sess-200-496939,8,history,medium,D,D,True,1.0,1,1788982996.7190988
26,sess-26-496939,16,science,hard,A,D,False,0.0,1,1788983644.8811393
97,sess-97-496940,58,history,hard,A,A,True,1.0,1,1788984293.0431798
121,sess-121-496940,38,music,hard,C,C,True,1.0,1,1788984941.2052202
112,sess-112-496940,10,geography,medium,D,D,True,1.0,1,1788985589.367261
157,sess-157-496940,30,music,medium,B,B,True,1.0,1,1788986237.5293014
96,sess-96-496940,9,science,easy,C,C,True,1.0,1,1788986885.6913419
50,sess-50-496940,41,science,easy,D,D,True,1.0,1,1788987533.8533823
70,sess-70-496941,13,geography,medium,A,A,True,1.0,1,1788988182.0154228
9,sess-9-496941,45,movies,medium,D,D,True,1.0,1,1788988830.1774633
72,sess-72-496941,9,science,easy,C,C,True,1.0,1,1788989478.3395038
120,sess-120-496941,30,music,medium,B,B,True,1.0,1,1788990126.5015445
195,sess-195-496941,22,sports,hard,C,C,True,1.0,1,1788990774.663585
76,sess-76-496942,39,movies,medium,D,D,True,1.0,1,1788991422.8256254
164,sess-164-496942,40,history,easy,D,C,False,0.0,1,1788992070.987666
142,sess-142-496942,55,movies,medium,A,A,True,1.0,1,1788992719.1497064
106,sess-106-496942,55,movies,medium,A,A,True,1.0,1,1788993367.3117468
56,sess-56-496942,38,music,hard,C,C,True,1.0,2,1788994015.4737875
119,sess-119-496942,18,movies,easy,C,C,True,1.0,1,1788994663.635828
110,sess-110-496943,48,music,medium,A,C,False,0.0,1,1788995311.7978685
84,sess-84-496943,28,history,medium,B,B,True,1.0,1,1788995959.959909
152,sess-152-496943,10,geography,medium,A,D,False,0.0,1,1788996608.1219494
107,sess-107-496943,3,music,easy,B,B,True,1.0,1,1788997256.28399
121,sess-121-496943,47,music,hard,B,A,False,0.0,1,1788997904.4460306
109,sess-109-496944,34,history,hard,C,C,True,1.0,1,1788998552.608071
179,sess-179-496944,53,history,medium,B,B,True,1.0,1,1788999200.7701116
127,sess-127-496944,16,science,hard,D,D,True,1.0,1,1788999848.932152
193,sess-193-496944,1,science,hard,C,A,False,0.0,1,1789000497.0941925
56,sess-56-496944,9,science,easy,C,C,True,1.0,1,1789001145.256233
62,sess-62-496944,42,history,hard,B,A,False,0.0,2,1789001793.4182734
123,sess-123-496945,43,music,medium,B,B,True,1.0,1,1789002441.5803142
181,sess-181-496945,30,music,medium,D,B,False,0.0,1,1789003089.7423546
150,sess-150-496945,2,history,easy,B,C,False,0.0,1,1789003737.904395
198,sess-198-496945,9,science,easy,B,C,False,0.0,2,1789004386.0664356
48,sess-48-496945,51,movies,easy,D,C,False,0.0,1,1789005034.228476
119,sess-119-496946,46,music,hard,D,A,False,0.0,1,1789005682.3905165
19,sess-19-496946,25,music,hard,B,C,False,0.0,1,1789006330.5525572
136,sess-136-496946,3,music,easy,B,B,True,1.0,1,1789006978.7145977
193,sess-193-496946,18,movies,easy,D,C,False,0.0,3,1789007626.8766382
139,sess-139-496946,37,history,hard,D,B,False,0.0,1,1789008275.0386786
21,sess-21-496946,40,history,easy,D,C,False,0.0,1,1789008923.200719
15,sess-15-496947,33,history,hard,D,A,False,0.0,1,1789009571.3627596
94,sess-94-496947,57,geography,easy,C,C,True,1.0,1,1789010219.5248003
99,sess-99-496947,24,history,hard,A,C,False,0.0,1,1789010867.6868408
94,sess-94-496947,24,history,hard,C,C,True,1.0,1,1789011515.8488812
144,sess-144-496947,46,music,hard,A,A,True,1.0,1,1789012164.0109217
182,sess-182-496948,50,sports,easy,B,B,True,1.0,2,1789012812.1729622
86,sess-86-496948,16,science,hard,C,D,False,0.0,2,1789013460.3350027
123,sess-123-496948,48,music,medium,D,C,False,0.0,1,1789014108.4970434
180,sess-180-496948,14,science,hard,A,C,False,0.0,1,1789014756.6590838
83,sess-83-496948,23,history,medium,D,C,False,0.0,1,1789015404.8211243
175,sess-175-496948,28,history,medium,B,B,True,1.0,2,1789016052.9831648
17,sess-17-496949,24,history,hard,C,C,True,1.0,1,1789016701.1452053
125,sess-125-496949,33,history,hard,B,A,False,0.0,1,1789017349.3072457
121,sess-121-496949,46,music,hard,D,A,False,0.0,1,1789017997.4692862
75,sess-75-496949,29,geography,hard,C,D,False,0.0,1,1789018645.631327
178,sess-178-496949,52,music,medium,B,A,False,0.0,2,1789019293.7933674
49,sess-49-496949,58,history,hard,B,A,False,0.0,1,1789019941.9554079
21,sess-21-496950,26,movies,hard,C,A,False,0.0,2,1789020590.1174483
20,sess-20-496950,7,movies,easy,A,A,True,1.0,1,1789021238.2794888
29,sess-29-496950,45,movies,medium,D,D,True,1.0,1,1789021886.4415293
39,sess-39-496950,56,science,easy,D,D,True,1.0,1,1789022534.60357
161,sess-161-496950,2,history,easy,C,C,True,1.0,1,1789023182.7656105
175,sess-175-496951,35,sports,hard,B,D,False,0.0,1,1789023830.927651
89,sess-89-496951,27,movies,hard,D,B,False,0.0,1,1789024479.0896914
6,sess-6-496951,19,science,hard,A,A,True,1.0,1,1789025127.2517319
6,sess-6-496951,56,science,easy,C,D,False,0.0,1,1789025775.4137723
166,sess-166-496951,22,sports,hard,B,C,False,0.0,1,1789026423.575813
168,sess-168-496951,42,history,hard,C,A,False,0.0,2,1789027071.7378535
152,sess-152-496952,43,music,medium,D,B,False,0.0,1,1789027719.899894
114,sess-114-496952,30,music,medium,B,B,True,1.0,1,1789028368.0619345
34,sess-34-496952,58,history,hard,B,A,False,0.0,1,1789029016.223975
67,sess-67-496952,15,movies,easy,B,D,False,0.0,1,1789029664.3860154
198,sess-198-496952,55,movies,medium,A,A,True,1.0,1,1789030312.5480561
91,sess-91-496953,19,science,hard,B,A,False,0.0,1,1789030960.7100966
159,sess-159-496953,60,science,hard,D,D,True,1.0,2,1789031608.872137
138,sess-138-496953,19,science,hard,A,A,True,1.0,1,1789032257.0341775
45,sess-45-496953,54,movies,hard,D,B,False,0.0,1,1789032905.196218
40,sess-40-496953,11,history,medium,B,B,True,1.0,1,1789033553.3582585
11,sess-11-496953,21,science,medium,C,B,False,0.0,1,1789034201.520299
67,sess-67-496954,24,history,hard,C,C,True,1.0,1,1789034849.6823397
144,sess-144-496954,46,music,hard,A,A,True,1.0,2,1789035497.8443801
82,sess-82-496954,23,history,medium,C,C,True,1.0,1,1789036146.0064206
115,sess-115-496954,35,sports,hard,C,D,False,0.0,1,1789036794.168461
78,sess-78-496954,8,history,medium,B,D,False,0.0,1,1789037442.3305016
128,sess-128-496955,50,sports,easy,B,B,True,1.0,1,1789038090.492542
118,sess-118-496955,60,science,hard,D,D,True,1.0,1,1789038738.6545827
2,sess-2-496955,48,music,medium,D,C,False,0.0,1,1789039386.8166232
85,sess-85-496955,42,history,hard,C,A,False,0.0,1,1789040034.9786637
75,sess-75-496955,49,geography,medium,D,A,False,0.0,1,1789040683.1407042
171,sess-171-496955,10,geography,medium,C,D,False,0.0,1,1789041331.3027446
114,sess-114-496956,22,sports,hard,D,C,False,0.0,1,1789041979.464785
123,sess-123-496956,58,history,hard,A,A,True,1.0,1,1789042627.6268258
174,sess-174-496956,36,history,medium,D,D,True,1.0,1,1789043275.7888663
7,sess-7-496956,26,movies,hard,B,A,False,0.0,1,1789043923.9509068
115,sess-115-496956,23,history,medium,C,C,True,1.0,1,1789044572.1129472
15,sess-15-496957,39,movies,medium,C,D,False,0.0,1,1789045220.2749877
135,sess-135-496957,15,movies,easy,B,D,False,0.0,1,1789045868.4370282
51,sess-51-496957,2,history,easy,C,C,True,1.0,1,1789046516.5990689
115,sess-115-496957,44,sports,medium,B,A,False,0.0,1,1789047164.7611094
132,sess-132-496957,26,movies,hard,A,A,True,1.0,1,1789047812.9231498
82,sess-82-496957,39,movies,medium,A,D,False,0.0,1,1789048461.0851903
171,sess-171-496958,24,history,hard,C,C,True,1.0,1,1789049109.2472308
184,sess-184-496958,55,movies,medium,C,A,False,0.0,1,1789049757.4092712
96,sess-96-496958,1,science,hard,A,A,True,1.0,1,1789050405.5713117
90,sess-90-496958,20,geography,easy,D,B,False,0.0,1,1789051053.7333524
23,sess-23-496958,14,science,hard,B,C,False,0.0,1,1789051701.895393
190,sess-190-496958,27,movies,hard,C,B,False,0.0,2,1789052350.0574334
42,sess-42-496959,52,music,medium,C,A,False,0.0,1,1789052998.2194738
187,sess-187-496959,58,history,hard,D,A,False,0.0,1,1789053646.3815143
154,sess-154-496959,6,history,hard,B,B,True,1.0,1,1789054294.5435548
78,sess-78-496959,31,history,easy,D,A,False,0.0,1,1789054942.7055955
86,sess-86-496959,5,science,easy,D,A,False,0.0,3,1789055590.867636
194,sess-194-496960,25,music,hard,C,C,True,1.0,1,1789056239.0296764
105,sess-105-496960,41,science,easy,B,D,False,0.0,1,1789056887.191717
45,sess-45-496960,36,history,medium,C,D,False,0.0,1,1789057535.3537574
194,sess-194-496960,59,science,hard,A,A,True,1.0,1,1789058183.5157979
48,sess-48-496960,54,movies,hard,B,B,True,1.0,1,1789058831.6778386
142,sess-142-496960,32,sports,medium,C,C,True,1.0,1,1789059479.839879
78,sess-78-496961,54,movies,hard,C,B,False,0.0,1,1789060128.0019195
144,sess-144-496961,48,music,medium,A,C,False,0.0,1,1789060776.16396
1,sess-1-496961,10,geography,medium,D,D,True,1.0,1,1789061424.3260005
164,sess-164-496961,54,movies,hard,A,B,False,0.0,1,1789062072.488041
168,sess-168-496961,43,music,medium,C,B,False,0.0,2,1789062720.6500816
46,sess-46-496962,32,sports,medium,D,C,False,0.0,1,1789063368.812122
63,sess-63-496962,2,history,easy,C,C,True,1.0,1,1789064016.9741626
71,sess-71-496962,32,sports,medium,A,C,False,0.0,1,1789064665.136203
154,sess-154-496962,48,music,medium,C,C,True,1.0,1,1789065313.2982435
124,sess-124-496962,37,history,hard,C,B,False,0.0,1,1789065961.460284
161,sess-161-496962,44,sports,medium,D,A,False,0.0,2,1789066609.6223245
31,sess-31-496963,24,history,hard,D,C,False,0.0,1,1789067257.7843652
5,sess-5-496963,55,movies,medium,A,A,True,1.0,1,1789067905.9464056
149,sess-149-496963,4,movies,medium,A,A,True,1.0,1,1789068554.1084461
119,sess-119-496963,57,geography,easy,B,C,False,0.0,1,1789069202.2704866
42,sess-42-496963,4,movies,medium,A,A,True,1.0,1,1789069850.432527
108,sess-108-496964,41,science,easy,B,D,False,0.0,1,1789070498.5945675
13,sess-13-496964,19,science,hard,A,A,True,1.0,1,1789071146.7566082
164,sess-164-496964,60,science,hard,D,D,True,1.0,1,1789071794.9186487
50,sess-50-496964,50,sports,easy,A,B,False,0.0,1,1789072443.0806892
154,sess-154-496964,49,geography,medium,A,A,True,1.0,1,1789073091.2427297
83,sess-83-496964,56,science,easy,D,D,True,1.0,2,1789073739.4047701
176,sess-176-496965,52,music,medium,A,A,True,1.0,1,1789074387.5668106
176,sess-176-496965,45,movies,medium,A,D,False,0.0,1,1789075035.7288513
137,sess-137-496965,38,music,hard,C,C,True,1.0,1,1789075683.8908918
37,sess-37-496965,1,science,hard,A,A,True,1.0,1,1789076332.0529323
73,sess-73-496965,24,history,hard,B,C,False,0.0,1,1789076980.2149727
88,sess-88-496966,59,science,hard,B,A,False,0.0,1,1789077628.3770132
56,sess-56-496966,10,geography,medium,A,D,False,0.0,1,1789078276.5390537
144,sess-144-496966,40,history,easy,D,C,False,0.0,1,1789078924.7010944
137,sess-137-496966,46,music,hard,B,A,False,0.0,2,1789079572.8631349
107,sess-107-496966,30,music,medium,A,B,False,0.0,2,1789080221.0251753
34,sess-34-496966,60,science,hard,D,D,True,1.0,1,1789080869.1872158
90,sess-90-496967,20,geography,easy,A,B,False,0.0,2,1789081517.3492563
114,sess-114-496967,57,geography,easy,D,C,False,0.0,1,1789082165.5112967
196,sess-196-496967,22,sports,hard,C,C,True,1.0,1,1789082813.6733372
78,sess-78-496967,2,history,easy,A,C,False,0.0,1,1789083461.835378
57,sess-57-496967,9,science,easy,A,C,False,0.0,2,1789084109.9974184
177,sess-177-496967,15,movies,easy,D,D,True,1.0,1,1789084758.1594589
54,sess-54-496968,9,science,easy,B,C,False,0.0,1,1789085406.3214993
177,sess-177-496968,49,geography,medium,B,A,False,0.0,1,1789086054.4835398
5,sess-5-496968,50,sports,easy,C,B,False,0.0,1,1789086702.6455803
11,sess-11-496968,13,geography,medium,A,A,True,1.0,1,1789087350.807621
169,sess-169-496968,33,history,hard,C,A,False,0.0,1,1789087998.9696615
31,sess-31-496969,59,science,hard,A,A,True,1.0,1,1789088647.131702
17,sess-17-496969,20,geography,easy,A,B,False,0.0,1,1789089295.2937424
32,sess-32-496969,59,science,hard,D,A,False,0.0,1,1789089943.455783
52,sess-52-496969,12,science,medium,B,A,False,0.0,1,1789090591.6178234
24,sess-24-496969,10,geography,medium,B,D,False,0.0,2,1789091239.779864
149,sess-149-496969,23,history,medium,C,C,True,1.0,1,1789091887.9419045
129,sess-129-496970,50,sports,easy,A,B,False,0.0,2,1789092536.103945
130,sess-130-496970,37,history,hard,B,B,True,1.0,1,1789093184.2659855
149,sess-149-496970,49,geography,medium,A,A,True,1.0,1,1789093832.428026
56,sess-56-496970,46,music,hard,A,A,True,1.0,1,1789094480.5900664
73,sess-73-496970,11,history,medium,D,B,False,0.0,1,1789095128.7521071
2,sess-2-496971,47,music,hard,A,A,True,1.0,1,1789095776.9141476
55,sess-55-496971,59,science,hard,D,A,False,0.0,3,1789096425.076188
122,sess-122-496971,24,history,hard,A,C,False,0.0,1,1789097073.2382286
113,sess-113-496971,44,sports,medium,B,A,False,0.0,1,1789097721.400269
91,sess-91-496971,25,music,hard,D,C,False,0.0,1,1789098369.5623095
59,sess-59-496971,27,movies,hard,B,B,True,1.0,3,1789099017.72435
81,sess-81-496972,8,history,medium,C,D,False,0.0,2,1789099665.8863907
35,sess-35-496972,32,sports,medium,D,C,False,0.0,1,1789100314.0484312
74,sess-74-496972,36,history,medium,A,D,False,0.0,1,1789100962.2104716
84,sess-84-496972,32,sports,medium,C,C,True,1.0,2,1789101610.372512
73,sess-73-496972,30,music,medium,C,B,False,0.0,1,1789102258.5345526
176,sess-176-496973,54,movies,hard,D,B,False,0.0,1,1789102906.696593
105,sess-105-496973,19,science,hard,C,A,False,0.0,1,1789103554.8586338
49,sess-49-496973,55,movies,medium,A,A,True,1.0,2,1789104203.0206742
122,sess-122-496973,44,sports,medium,A,A,True,1.0,1,1789104851.1827147
4,sess-4-496973,44,sports,medium,B,A,False,0.0,1,1789105499.3447552
102,sess-102-496973,29,geography,hard,C,D,False,0.0,1,1789106147.5067956
22,sess-22-496974,8,history,medium,D,D,True,1.0,1,1789106795.668836
103,sess-103-496974,45,movies,medium,A,D,False,0.0,1,1789107443.8308768
190,sess-190-496974,60,science,hard,A,D,False,0.0,1,1789108091.9929173
17,sess-17-496974,24,history,hard,B,C,False,0.0,2,1789108740.1549578
52,sess-52-496974,39,movies,medium,B,D,False,0.0,1,1789109388.3169982
32,sess-32-496975,15,movies,easy,C,D,False,0.0,1,1789110036.4790387
128,sess-128-496975,18,movies,easy,D,C,False,0.0,1,1789110684.6410792
152,sess-152-496975,18,movies,easy,D,C,False,0.0,1,1789111332.8031197
103,sess-103-496975,23,history,medium,D,C,False,0.0,1,1789111980.9651604
104,sess-104-496975,32,sports,medium,A,C,False,0.0,1,1789112629.1272008
197,sess-197-496975,30,music,medium,B,B,True,1.0,2,1789113277.2892413
65,sess-65-496976,32,sports,medium,D,C,False,0.0,1,1789113925.4512818
35,sess-35-496976,2,history,easy,C,C,True,1.0,1,1789114573.6133223
14,sess-14-496976,54,movies,hard,B,B,True,1.0,1,1789115221.7753627
174,sess-174-496976,2,history,easy,B,C,False,0.0,1,1789115869.9374034
155,sess-155-496976,44,sports,medium,A,A,True,1.0,1,1789116518.099444
78,sess-78-496976,40,history,easy,A,C,False,0.0,3,1789117166.2614844
170,sess-170-496977,49,geography,medium,C,A,False,0.0,1,1789117814.4235249
120,sess-120-496977,13,geography,medium,A,A,True,1.0,1,1789118462.5855653
128,sess-128-496977,32,sports,medium,D,C,False,0.0,1,1789119110.7476058
88,sess-88-496977,52,music,medium,D,A,False,0.0,1,1789119758.9096465
5,sess-5-496977,49,geography,medium,A,A,True,1.0,1,1789120407.071687
111,sess-111-496978,57,geography,easy,B,C,False,0.0,1,1789121055.2337275
116,sess-116-496978,21,science,medium,C,B,False,0.0,1,1789121703.395768
118,sess-118-496978,3,music,easy,B,B,True,1.0,1,1789122351.5578084
143,sess-143-496978,43,music,medium,C,B,False,0.0,2,1789122999.7198489
181,sess-181-496978,11,history,medium,A,B,False,0.0,1,1789123647.8818896
80,sess-80-496978,46,music,hard,A,A,True,1.0,1,1789124296.04393
196,sess-196-496979,8,history,medium,B,D,False,0.0,1,1789124944.2059705
169,sess-169-496979,36,history,medium,C,D,False,0.0,1,1789125592.368011
121,sess-121-496979,31,history,easy,B,A,False,0.0,1,1789126240.5300515
130,sess-130-496979,4,movies,medium,A,A,True,1.0,1,1789126888.692092
127,sess-127-496979,38,music,hard,D,C,False,0.0,1,1789127536.8541324
174,sess-174-496980,23,history,medium,B,C,False,0.0,1,1789128185.0161731
83,sess-83-496980,4,movies,medium,A,A,True,1.0,1,1789128833.1782136
12,sess-12-496980,9,science,easy,B,C,False,0.0,1,1789129481.340254
190,sess-190-496980,38,music,hard,C,C,True,1.0,2,1789130129.5022945
161,sess-161-496980,22,sports,hard,C,C,True,1.0,1,1789130777.664335
110,sess-110-496980,23,history,medium,B,C,False,0.0,1,1789131425.8263755
90,sess-90-496981,4,movies,medium,B,A,False,0.0,1,1789132073.9884162
61,sess-61-496981,42,history,hard,A,A,True,1.0,1,1789132722.1504567
22,sess-22-496981,59,science,hard,C,A,False,0.0,1,1789133370.3124971
30,sess-30-496981,22,sports,hard,C,C,True,1.0,1,1789134018.4745376
138,sess-138-496981,21,science,medium,B,B,True,1.0,2,1789134666.636578
169,sess-169-496982,56,science,easy,C,D,False,0.0,2,1789135314.7986186
108,sess-108-496982,18,movies,easy,C,C,True,1.0,1,1789135962.9606593
121,sess-121-496982,38,music,hard,C,C,True,1.0,2,1789136611.1226997
82,sess-82-496982,25,music,hard,B,C,False,0.0,1,1789137259.2847402
147,sess-147-496982,7,movies,easy,B,A,False,0.0,1,1789137907.4467807
177,sess-177-496982,44,sports,medium,A,A,True,1.0,1,1789138555.6088212
128,sess-128-496983,33,history,hard,D,A,False,0.0,1,1789139203.7708616
87,sess-87-496983,11,history,medium,C,B,False,0.0,1,1789139851.9329023
112,sess-112-496983,13,geography,medium,B,A,False,0.0,1,1789140500.0949428
138,sess-138-496983,14,science,hard,C,C,True,1.0,2,1789141148.2569833
13,sess-13-496983,20,geography,easy,C,B,False,0.0,1,1789141796.4190238
58,sess-58-496984,40,history,easy,A,C,False,0.0,1,1789142444.5810642
184,sess-184-496984,55,movies,medium,D,A,False,0.0,2,1789143092.7431047
87,sess-87-496984,18,movies,easy,C,C,True,1.0,1,1789143740.9051452
136,sess-136-496984,31,history,easy,C,A,False,0.0,1,1789144389.0671859
20,sess-20-496984,42,history,hard,D,A,False,0.0,1,1789145037.2292264
77,sess-77-496984,28,history,medium,C,B,False,0.0,1,1789145685.3912668
52,sess-52-496985,27,movies,hard,D,B,False,0.0,1,1789146333.5533073
132,sess-132-496985,30,music,medium,D,B,False,0.0,2,1789146981.7153478
47,sess-47-496985,57,geography,easy,C,C,True,1.0,2,1789147629.8773882
181,sess-181-496985,34,history,hard,D,C,False,0.0,1,1789148278.039429
128,sess-128-496985,14,science,hard,D,C,False,0.0,1,1789148926.2014694
120,sess-120-496985,18,movies,easy,D,C,False,0.0,2,1789149574.36351
158,sess-158-496986,55,movies,medium,C,A,False,0.0,1,1789150222.5255504
145,sess-145-496986,47,music,hard,D,A,False,0.0,1,1789150870.6875908
52,sess-52-496986,24,history,hard,A,C,False,0.0,1,1789151518.8496313
39,sess-39-496986,48,music,medium,B,C,False,0.0,1,1789152167.011672
112,sess-112-496986,27,movies,hard,B,B,True,1.0,2,1789152815.1737125
17,sess-17-496987,41,science,easy,D,D,True,1.0,1,1789153463.335753
106,sess-106-496987,18,movies,easy,D,C,False,0.0,1,1789154111.4977934
42,sess-42-496987,17,music,hard,A,C,False,0.0,1,1789154759.659834
104,sess-104-496987,16,science,hard,D,D,True,1.0,1,1789155407.8218744
50,sess-50-496987,2,history,easy,C,C,True,1.0,2,1789156055.983915
80,sess-80-496987,30,music,medium,C,B,False,0.0,2,1789156704.1459556
109,sess-109-496988,42,history,hard,B,A,False,0.0,1,1789157352.307996
41,sess-41-496988,18,movies,easy,C,C,True,1.0,1,1789158000.4700365
67,sess-67-496988,51,movies,easy,D,C,False,0.0,1,1789158648.632077
141,sess-141-496988,12,science,medium,B,A,False,0.0,1,1789159296.7941175
185,sess-185-496988,32,sports,medium,A,C,False,0.0,1,1789159944.956158
22,sess-22-496989,21,science,medium,A,B,False,0.0,1,1789160593.1181986
105,sess-105-496989,58,history,hard,A,A,True,1.0,1,1789161241.280239
169,sess-169-496989,57,geography,easy,C,C,True,1.0,2,1789161889.4422796
186,sess-186-496989,54,movies,hard,B,B,True,1.0,1,1789162537.60432
29,sess-29-496989,37,history,hard,A,B,False,0.0,1,1789163185.7663605
134,sess-134-496989,43,music,medium,D,B,False,0.0,1,1789163833.928401
65,sess-65-496990,32,sports,medium,A,C,False,0.0,2,1789164482.0904417
154,sess-154-496990,8,history,medium,B,D,False,0.0,1,1789165130.2524822
85,sess-85-496990,54,movies,hard,C,B,False,0.0,1,1789165778.4145226
192,sess-192-496990,48,music,medium,C,C,True,1.0,1,1789166426.5765631
109,sess-109-496990,14,science,hard,C,C,True,1.0,1,1789167074.7386036
45,sess-45-496991,14,science,hard,B,C,False,0.0,1,1789167722.900644
105,sess-105-496991,17,music,hard,A,C,False,0.0,1,1789168371.0626848
126,sess-126-496991,35,sports,hard,D,D,True,1.0,1,1789169019.2247252
29,sess-29-496991,21,science,medium,C,B,False,0.0,1,1789169667.3867657
175,sess-175-496991,16,science,hard,A,D,False,0.0,1,1789170315.5488062
93,sess-93-496991,31,history,easy,C,A,False,0.0,1,1789170963.7108467
6,sess-6-496992,42,history,hard,D,A,False,0.0,1,1789171611.8728871
9,sess-9-496992,54,movies,hard,A,B,False,0.0,1,1789172260.0349278
177,sess-177-496992,59,science,hard,B,A,False,0.0,1,1789172908.1969683
65,sess-65-496992,36,history,medium,D,D,True,1.0,3,1789173556.3590088
164,sess-164-496992,45,movies,medium,D,D,True,1.0,2,1789174204.5210493
176,sess-176-496993,8,history,medium,A,D,False,0.0,1,1789174852.6830897
114,sess-114-496993,25,music,hard,C,C,True,1.0,2,1789175500.8451302
101,sess-101-496993,60,science,hard,B,D,False,0.0,1,1789176149.0071707
78,sess-78-496993,6,history,hard,A,B,False,0.0,1,1789176797.1692114
77,sess-77-496993,14,science,hard,A,C,False,0.0,1,1789177445.3312519
113,sess-113-496993,41,science,easy,D,D,True,1.0,1,1789178093.4932923
197,sess-197-496994,42,history,hard,B,A,False,0.0,1,1789178741.6553328
71,sess-71-496994,56,science,easy,D,D,True,1.0,1,1789179389.8173733
200,sess-200-496994,32,sports,medium,B,C,False,0.0,1,1789180037.9794137
86,sess-86-496994,46,music,hard,B,A,False,0.0,1,1789180686.1414545
42,sess-42-496994,45,movies,medium,D,D,True,1.0,1,1789181334.303495
17,sess-17-496994,23,history,medium,D,C,False,0.0,1,1789181982.4655354
141,sess-141-496995,48,music,medium,C,C,True,1.0,1,1789182630.6275759
178,sess-178-496995,2,history,easy,D,C,False,0.0,1,1789183278.7896163
165,sess-165-496995,12,science,medium,D,A,False,0.0,2,1789183926.9516568
35,sess-35-496995,1,science,hard,D,A,False,0.0,1,1789184575.1136975
79,sess-79-496995,21,science,medium,A,B,False,0.0,1,1789185223.275738
41,sess-41-496996,16,science,hard,C,D,False,0.0,1,1789185871.4377785
196,sess-196-496996,9,science,easy,D,C,False,0.0,2,1789186519.599819
106,sess-106-496996,51,movies,easy,B,C,False,0.0,1,1789187167.7618594
123,sess-123-496996,56,science,easy,B,D,False,0.0,1,1789187815.9239
45,sess-45-496996,44,sports,medium,C,A,False,0.0,1,1789188464.0859406
73,sess-73-496996,13,geography,medium,A,A,True,1.0,1,1789189112.247981
95,sess-95-496997,12,science,medium,A,A,True,1.0,1,1789189760.4100215
97,sess-97-496997,54,movies,hard,A,B,False,0.0,1,1789190408.572062
6,sess-6-496997,2,history,easy,D,C,False,0.0,1,1789191056.7341025
157,sess-157-496997,41,science,easy,D,D,True,1.0,2,1789191704.896143
23,sess-23-496997,30,music,medium,B,B,True,1.0,1,1789192353.0581834
180,sess-180-496998,55,movies,medium,A,A,True,1.0,2,1789193001.2202241
103,sess-103-496998,40,history,easy,B,C,False,0.0,1,1789193649.3822646
39,sess-39-496998,6,history,hard,A,B,False,0.0,1,1789194297.544305
146,sess-146-496998,8,history,medium,D,D,True,1.0,1,1789194945.7063456
135,sess-135-496998,28,history,medium,C,B,False,0.0,1,1789195593.868386
173,sess-173-496998,32,sports,medium,C,C,True,1.0,2,1789196242.0304265
183,sess-183-496999,14,science,hard,C,C,True,1.0,1,1789196890.1924672
69,sess-69-496999,19,science,hard,C,A,False,0.0,1,1789197538.3545077
34,sess-34-496999,28,history,medium,D,B,False,0.0,2,1789198186.5165482
56,sess-56-496999,53,history,medium,B,B,True,1.0,2,1789198834.6785886
174,sess-174-496999,13,geography,medium,C,A,False,0.0,1,1789199482.840629
38,sess-38-497000,2,history,easy,C,C,True,1.0,2,1789200131.0026696
68,sess-68-497000,16,science,hard,A,D,False,0.0,1,1789200779.1647103
95,sess-95-497000,38,music,hard,B,C,False,0.0,2,1789201427.3267508
22,sess-22-497000,1,science,hard,C,A,False,0.0,1,1789202075.4887912
178,sess-178-497000,26,movies,hard,D,A,False,0.0,1,1789202723.6508317
99,sess-99-497000,46,music,hard,D,A,False,0.0,1,1789203371.8128722
66,sess-66-497001,5,science,easy,A,A,True,1.0,1,1789204019.9749126
16,sess-16-497001,4,movies,medium,A,A,True,1.0,1,1789204668.1369534
61,sess-61-497001,31,history,easy,D,A,False,0.0,1,1789205316.2989938
172,sess-172-497001,52,music,medium,D,A,False,0.0,1,1789205964.4610343
12,sess-12-497001,1,science,hard,A,A,True,1.0,1,1789206612.6230748
159,sess-159-497002,25,music,hard,C,C,True,1.0,1,1789207260.7851152
102,sess-102-497002,43,music,medium,B,B,True,1.0,1,1789207908.9471557
144,sess-144-497002,3,music,easy,C,B,False,0.0,1,1789208557.1091962
44,sess-44-497002,33,history,hard,C,A,False,0.0,1,1789209205.271237
120,sess-120-497002,9,science,easy,C,C,True,1.0,1,1789209853.4332774
182,sess-182-497002,34,history,hard,B,C,False,0.0,1,1789210501.5953178
30,sess-30-497003,21,science,medium,B,B,True,1.0,1,1789211149.7573583
33,sess-33-497003,32,sports,medium,B,C,False,0.0,1,1789211797.9193988
192,sess-192-497003,24,history,hard,B,C,False,0.0,1,1789212446.0814393
68,sess-68-497003,40,history,easy,B,C,False,0.0,1,1789213094.24348
133,sess-133-497003,21,science,medium,A,B,False,0.0,1,1789213742.4055204
81,sess-81-497003,48,music,medium,A,C,False,0.0,1,1789214390.567561
143,sess-143-497004,55,movies,medium,D,A,False,0.0,1,1789215038.7296014
113,sess-113-497004,4,movies,medium,A,A,True,1.0,1,1789215686.8916419
14,sess-14-497004,15,movies,easy,D,D,True,1.0,1,1789216335.0536823
121,sess-121-497004,17,music,hard,C,C,True,1.0,1,1789216983.215723
120,sess-120-497004,28,history,medium,B,B,True,1.0,1,1789217631.3777635
127,sess-127-497005,3,music,easy,D,B,False,0.0,1,1789218279.539804
144,sess-144-497005,32,sports,medium,A,C,False,0.0,1,1789218927.7018445
185,sess-185-497005,56,science,easy,D,D,True,1.0,2,1789219575.863885
90,sess-90-497005,6,history,hard,B,B,True,1.0,1,1789220224.0259254
73,sess-73-497005,12,science,medium,D,A,False,0.0,1,1789220872.187966
131,sess-131-497005,53,history,medium,B,B,True,1.0,1,1789221520.3500066
170,sess-170-497006,38,music,hard,C,C,True,1.0,2,1789222168.512047
2,sess-2-497006,34,history,hard,A,C,False,0.0,1,1789222816.6740875
107,sess-107-497006,59,science,hard,A,A,True,1.0,2,1789223464.836128
197,sess-197-497006,32,sports,medium,B,C,False,0.0,1,1789224112.9981685
7,sess-7-497006,19,science,hard,D,A,False,0.0,1,1789224761.160209
32,sess-32-497007,26,movies,hard,A,A,True,1.0,1,1789225409.3222497
28,sess-28-497007,54,movies,hard,B,B,True,1.0,1,1789226057.4842901
8,sess-8-497007,6,history,hard,D,B,False,0.0,3,1789226705.6463306
169,sess-169-497007,31,history,easy,C,A,False,0.0,2,1789227353.808371
153,sess-153-497007,43,music,medium,B,B,True,1.0,1,1789228001.9704115
12,sess-12-497007,42,history,hard,C,A,False,0.0,1,1789228650.132452
84,sess-84-497008,47,music,hard,D,A,False,0.0,1,1789229298.2944927
34,sess-34-497008,14,science,hard,D,C,False,0.0,1,1789229946.4565332
73,sess-73-497008,21,science,medium,D,B,False,0.0,1,1789230594.6185737
19,sess-19-497008,36,history,medium,B,D,False,0.0,1,1789231242.7806141
24,sess-24-497008,26,movies,hard,A,A,True,1.0,2,1789231890.9426546
62,sess-62-497009,50,sports,easy,A,B,False,0.0,1,1789232539.104695
6,sess-6-497009,55,movies,medium,A,A,True,1.0,1,1789233187.2667358
100,sess-100-497009,50,sports,easy,D,B,False,0.0,1,1789233835.4287763
193,sess-193-497009,42,history,hard,A,A,True,1.0,2,1789234483.5908167
77,sess-77-497009,32,sports,medium,D,C,False,0.0,1,1789235131.7528572
80,sess-80-497009,58,history,hard,B,A,False,0.0,1,1789235779.9148977
92,sess-92-497010,43,music,medium,B,B,True,1.0,1,1789236428.0769382
95,sess-95-497010,33,history,hard,A,A,True,1.0,1,1789237076.2389786
115,sess-115-497010,57,geography,easy,C,C,True,1.0,1,1789237724.4010193
69,sess-69-497010,37,history,hard,A,B,False,0.0,1,1789238372.5630598
194,sess-194-497010,28,history,medium,D,B,False,0.0,1,1789239020.7251003
48,sess-48-497011,28,history,medium,A,B,False,0.0,3,1789239668.8871408
11,sess-11-497011,33,history,hard,A,A,True,1.0,1,1789240317.0491812
119,sess-119-497011,44,sports,medium,A,A,True,1.0,1,1789240965.2112217
176,sess-176-497011,46,music,hard,A,A,True,1.0,1,1789241613.3732624
127,sess-127-497011,34,history,hard,D,C,False,0.0,1,1789242261.5353029
22,sess-22-497011,19,science,hard,B,A,False,0.0,1,1789242909.6973433
123,sess-123-497012,20,geography,easy,B,B,True,1.0,1,1789243557.8593838
33,sess-33-497012,44,sports,medium,B,A,False,0.0,1,1789244206.0214243
134,sess-134-497012,28,history,medium,B,B,True,1.0,1,1789244854.1834648
13,sess-13-497012,36,history,medium,D,D,True,1.0,2,1789245502.3455055
12,sess-12-497012,33,history,hard,A,A,True,1.0,1,1789246150.507546
109,sess-109-497012,27,movies,hard,B,B,True,1.0,2,1789246798.6695864
170,sess-170-497013,47,music,hard,C,A,False,0.0,1,1789247446.831627
91,sess-91-497013,17,music,hard,D,C,False,0.0,1,1789248094.9936674
5,sess-5-497013,8,history,medium,B,D,False,0.0,3,1789248743.1557078
46,sess-46-497013,51,movies,easy,C,C,True,1.0,1,1789249391.3177485
101,sess-101-497013,3,music,easy,B,B,True,1.0,1,1789250039.479789
181,sess-181-497014,20,geography,easy,B,B,True,1.0,1,1789250687.6418295
186,sess-186-497014,30,music,medium,C,B,False,0.0,1,1789251335.80387
160,sess-160-497014,52,music,medium,A,A,True,1.0,1,1789251983.9659104
48,sess-48-497014,14,science,hard,C,C,True,1.0,1,1789252632.127951
192,sess-192-497014,39,movies,medium,D,D,True,1.0,1,1789253280.2899914
173,sess-173-497014,7,movies,easy,B,A,False,0.0,1,1789253928.452032
2,sess-2-497015,26,movies,hard,A,A,True,1.0,1,1789254576.6140726
44,sess-44-497015,42,history,hard,D,A,False,0.0,1,1789255224.776113
104,sess-104-497015,56,science,easy,C,D,False,0.0,1,1789255872.9381535
155,sess-155-497015,47,music,hard,D,A,False,0.0,1,1789256521.100194
158,sess-158-497015,24,history,hard,D,C,False,0.0,1,1789257169.2622344
173,sess-173-497016,26,movies,hard,B,A,False,0.0,1,1789257817.4242752
33,sess-33-497016,9,science,easy,C,C,True,1.0,1,1789258465.5863156
29,sess-29-497016,53,history,medium,B,B,True,1.0,1,1789259113.748356
49,sess-49-497016,55,movies,medium,A,A,True,1.0,3,1789259761.9103966
124,sess-124-497016,42,history,hard,A,A,True,1.0,1,1789260410.072437
62,sess-62-497016,28,history,medium,D,B,False,0.0,1,1789261058.2344775
49,sess-49-497017,6,history,hard,B,B,True,1.0,1,1789261706.3965182
119,sess-119-497017,10,geography,medium,A,D,False,0.0,1,1789262354.5585587
30,sess-30-497017,11,history,medium,D,B,False,0.0,1,1789263002.7205992
180,sess-180-497017,29,geography,hard,B,D,False,0.0,1,1789263650.8826396
6,sess-6-497017,56,science,easy,A,D,False,0.0,2,1789264299.04468
52,sess-52-497018,19,science,hard,C,A,False,0.0,1,1789264947.2067206
14,sess-14-497018,22,sports,hard,C,C,True,1.0,1,1789265595.3687613
162,sess-162-497018,55,movies,medium,C,A,False,0.0,1,1789266243.5308018
127,sess-127-497018,48,music,medium,D,C,False,0.0,1,1789266891.6928422
142,sess-142-497018,19,science,hard,A,A,True,1.0,2,1789267539.8548827
103,sess-103-497018,32,sports,medium,D,C,False,0.0,1,1789268188.0169232
157,sess-157-497019,60,science,hard,B,D,False,0.0,1,1789268836.1789637
60,sess-60-497019,46,music,hard,A,A,True,1.0,1,1789269484.3410041
5,sess-5-497019,28,history,medium,D,B,False,0.0,1,1789270132.5030448
17,sess-17-497019,18,movies,easy,B,C,False,0.0,1,1789270780.6650853
122,sess-122-497019,8,history,medium,C,D,False,0.0,1,1789271428.8271258
89,sess-89-497020,29,geography,hard,A,D,False,0.0,1,1789272076.9891663
42,sess-42-497020,19,science,hard,C,A,False,0.0,1,1789272725.1512067
89,sess-89-497020,29,geography,hard,D,D,True,1.0,2,1789273373.3132472
57,sess-57-497020,38,music,hard,B,C,False,0.0,1,1789274021.475288
155,sess-155-497020,55,movies,medium,D,A,False,0.0,1,1789274669.6373284
120,sess-120-497020,9,science,easy,D,C,False,0.0,2,1789275317.7993689
183,sess-183-497021,25,music,hard,D,C,False,0.0,1,1789275965.9614093
168,sess-168-497021,48,music,medium,C,C,True,1.0,1,1789276614.1234498
121,sess-121-497021,52,music,medium,B,A,False,0.0,1,1789277262.2854903
160,sess-160-497021,14,science,hard,C,C,True,1.0,1,1789277910.447531
192,sess-192-497021,6,history,hard,A,B,False,0.0,2,1789278558.6095715
45,sess-45-497022,13,geography,medium,A,A,True,1.0,2,1789279206.771612
126,sess-126-497022,7,movies,easy,C,A,False,0.0,1,1789279854.9336524
78,sess-78-497022,16,science,hard,D,D,True,1.0,2,1789280503.0956929
13,sess-13-497022,2,history,easy,C,C,True,1.0,1,1789281151.2577333
67,sess-67-497022,23,history,medium,A,C,False,0.0,1,1789281799.419774
129,sess-129-497022,3,music,easy,C,B,False,0.0,2,1789282447.5818145
111,sess-111-497023,8,history,medium,A,D,False,0.0,2,1789283095.743855
144,sess-144-497023,15,movies,easy,B,D,False,0.0,1,1789283743.9058955
91,sess-91-497023,50,sports,easy,B,B,True,1.0,1,1789284392.067936
143,sess-143-497023,18,movies,easy,D,C,False,0.0,1,1789285040.2299764
132,sess-132-497023,39,movies,medium,C,D,False,0.0,1,1789285688.392017
13,sess-13-497023,60,science,hard,B,D,False,0.0,1,1789286336.5540576
194,sess-194-497024,8,history,medium,C,D,False,0.0,1,1789286984.716098
157,sess-157-497024,51,movies,easy,A,C,False,0.0,1,1789287632.8781385
144,sess-144-497024,3,music,easy,A,B,False,0.0,2,1789288281.040179
162,sess-162-497024,8,history,medium,B,D,False,0.0,1,1789288929.2022195
41,sess-41-497024,47,music,hard,A,A,True,1.0,2,1789289577.36426
114,sess-114-497025,49,geography,medium,D,A,False,0.0,3,1789290225.5263007
26,sess-26-497025,10,geography,medium,B,D,False,0.0,1,1789290873.6883411
36,sess-36-497025,8,history,medium,B,D,False,0.0,2,1789291521.8503816
107,sess-107-497025,50,sports,easy,A,B,False,0.0,1,1789292170.012422
122,sess-122-497025,22,sports,hard,C,C,True,1.0,1,1789292818.1744626
44,sess-44-497025,6,history,hard,B,B,True,1.0,2,1789293466.336503
184,sess-184-497026,49,geography,medium,D,A,False,0.0,1,1789294114.4985437
171,sess-171-497026,16,science,hard,D,D,True,1.0,1,1789294762.6605842
193,sess-193-497026,34,history,hard,A,C,False,0.0,1,1789295410.8226247
36,sess-36-497026,52,music,medium,C,A,False,0.0,1,1789296058.9846652
118,sess-118-497026,55,movies,medium,D,A,False,0.0,1,1789296707.1467056
93,sess-93-497027,2,history,easy,A,C,False,0.0,1,1789297355.308746
184,sess-184-497027,52,music,medium,B,A,False,0.0,1,1789298003.4707868
22,sess-22-497027,22,sports,hard,C,C,True,1.0,1,1789298651.6328273
198,sess-198-497027,11,history,medium,C,B,False,0.0,1,1789299299.7948678
195,sess-195-497027,3,music,easy,D,B,False,0.0,2,1789299947.9569082
39,sess-39-497027,58,history,hard,D,A,False,0.0,1,1789300596.1189487
183,sess-183-497028,52,music,medium,D,A,False,0.0,1,1789301244.2809892
76,sess-76-497028,27,movies,hard,D,B,False,0.0,1,1789301892.4430296
180,sess-180-497028,36,history,medium,C,D,False,0.0,1,1789302540.6050704
191,sess-191-497028,21,science,medium,A,B,False,0.0,1,1789303188.7671108
72,sess-72-497028,58,history,hard,B,A,False,0.0,2,1789303836.9291513
180,sess-180-497029,26,movies,hard,B,A,False,0.0,1,1789304485.0911918
140,sess-140-497029,40,history,easy,D,C,False,0.0,1,1789305133.2532322
114,sess-114-497029,45,movies,medium,D,D,True,1.0,1,1789305781.4152727
167,sess-167-497029,26,movies,hard,C,A,False,0.0,1,1789306429.5773134
22,sess-22-497029,3,music,easy,C,B,False,0.0,1,1789307077.739354
186,sess-186-497029,47,music,hard,B,A,False,0.0,2,1789307725.9013944
134,sess-134-497030,35,sports,hard,D,D,True,1.0,1,1789308374.0634348
24,sess-24-497030,33,history,hard,D,A,False,0.0,1,1789309022.2254753
88,sess-88-497030,49,geography,medium,B,A,False,0.0,1,1789309670.3875158
8,sess-8-497030,57,geography,easy,D,C,False,0.0,1,1789310318.5495565
67,sess-67-497030,16,science,hard,B,D,False,0.0,1,1789310966.711597
186,sess-186-497031,28,history,medium,A,B,False,0.0,1,1789311614.8736374
188,sess-188-497031,4,movies,medium,C,A,False,0.0,1,1789312263.035678
161,sess-161-497031,33,history,hard,A,A,True,1.0,1,1789312911.1977184
13,sess-13-497031,49,geography,medium,B,A,False,0.0,1,1789313559.3597589
115,sess-115-497031,20,geography,easy,A,B,False,0.0,1,1789314207.5217996
117,sess-117-497031,22,sports,hard,D,C,False,0.0,2,1789314855.68384
149,sess-149-497032,37,history,hard,D,B,False,0.0,1,1789315503.8458805
171,sess-171-497032,35,sports,hard,A,D,False,0.0,1,1789316152.007921
90,sess-90-497032,20,geography,easy,B,B,True,1.0,3,1789316800.1699615
184,sess-184-497032,37,history,hard,D,B,False,0.0,1,1789317448.332002
97,sess-97-497032,34,history,hard,A,C,False,0.0,1,1789318096.4940424
84,sess-84-497032,34,history,hard,B,C,False,0.0,1,1789318744.656083
117,sess-117-497033,7,movies,easy,A,A,True,1.0,1,1789319392.8181236
109,sess-109-497033,54,movies,hard,A,B,False,0.0,1,1789320040.980164
16,sess-16-497033,28,history,medium,C,B,False,0.0,2,1789320689.1422045
55,sess-55-497033,29,geography,hard,D,D,True,1.0,1,1789321337.304245
174,sess-174-497033,34,history,hard,D,C,False,0.0,1,1789321985.4662855
133,sess-133-497034,50,sports,easy,B,B,True,1.0,1,1789322633.6283262
68,sess-68-497034,38,music,hard,B,C,False,0.0,2,1789323281.7903666
113,sess-113-497034,45,movies,medium,B,D,False,0.0,1,1789323929.9524071
188,sess-188-497034,27,movies,hard,A,B,False,0.0,1,1789324578.1144476
130,sess-130-497034,9,science,easy,B,C,False,0.0,2,1789325226.276488
34,sess-34-497034,46,music,hard,D,A,False,0.0,1,1789325874.4385285
31,sess-31-497035,45,movies,medium,D,D,True,1.0,1,1789326522.6005692
122,sess-122-497035,3,music,easy,D,B,False,0.0,1,1789327170.7626097
95,sess-95-497035,59,science,hard,D,A,False,0.0,1,1789327818.9246502
105,sess-105-497035,8,history,medium,D,D,True,1.0,2,1789328467.0866907
147,sess-147-497035,19,science,hard,A,A,True,1.0,1,1789329115.2487311
40,sess-40-497036,8,history,medium,D,D,True,1.0,1,1789329763.4107716
96,sess-96-497036,20,geography,easy,B,B,True,1.0,1,1789330411.5728123
8,sess-8-497036,51,movies,easy,C,C,True,1.0,1,1789331059.7348528
151,sess-151-497036,27,movies,hard,B,B,True,1.0,1,1789331707.8968933
79,sess-79-497036,57,geography,easy,C,C,True,1.0,1,1789332356.0589337
47,sess-47-497036,53,history,medium,A,B,False,0.0,1,1789333004.2209742
32,sess-32-497037,36,history,medium,D,D,True,1.0,1,1789333652.3830147
12,sess-12-497037,27,movies,hard,C,B,False,0.0,1,1789334300.5450552
145,sess-145-497037,29,geography,hard,B,D,False,0.0,1,1789334948.7070959
122,sess-122-497037,54,movies,hard,D,B,False,0.0,1,1789335596.8691363
34,sess-34-497037,49,geography,medium,A,A,True,1.0,1,1789336245.0311768
163,sess-163-497038,30,music,medium,D,B,False,0.0,1,1789336893.1932173
115,sess-115-497038,10,geography,medium,B,D,False,0.0,1,1789337541.3552577
23,sess-23-497038,52,music,medium,D,A,False,0.0,1,1789338189.5172982
105,sess-105-497038,25,music,hard,C,C,True,1.0,1,1789338837.679339
102,sess-102-497038,22,sports,hard,D,C,False,0.0,2,1789339485.8413794
114,sess-114-497038,48,music,medium,C,C,True,1.0,1,1789340134.0034199
23,sess-23-497039,56,science,easy,D,D,True,1.0,1,1789340782.1654603
7,sess-7-497039,37,history,hard,D,B,False,0.0,1,1789341430.3275008
80,sess-80-497039,36,history,medium,C,D,False,0.0,1,1789342078.4895413
144,sess-144-497039,6,history,hard,B,B,True,1.0,1,1789342726.651582
159,sess-159-497039,35,sports,hard,A,D,False,0.0,1,1789343374.8136225
146,sess-146-497040,34,history,hard,C,C,True,1.0,1,1789344022.975663
122,sess-122-497040,33,history,hard,B,A,False,0.0,1,1789344671.1377034
169,sess-169-497040,60,science,hard,A,D,False,0.0,2,1789345319.299744
71,sess-71-497040,51,movies,easy,C,C,True,1.0,1,1789345967.4617844
181,sess-181-497040,54,movies,hard,C,B,False,0.0,1,1789346615.623825
22,sess-22-497040,52,music,medium,C,A,False,0.0,1,1789347263.7858655
103,sess-103-497041,38,music,hard,C,C,True,1.0,1,1789347911.947906
6,sess-6-497041,22,sports,hard,B,C,False,0.0,2,1789348560.1099465
7,sess-7-497041,56,science,easy,B,D,False,0.0,1,1789349208.271987
66,sess-66-497041,6,history,hard,B,B,True,1.0,1,1789349856.4340274
26,sess-26-497041,35,sports,hard,D,D,True,1.0,1,1789350504.596068
37,sess-37-497041,12,science,medium,A,A,True,1.0,1,1789351152.7581086
23,sess-23-497042,10,geography,medium,D,D,True,1.0,1,1789351800.920149
105,sess-105-497042,44,sports,medium,A,A,True,1.0,1,1789352449.0821896
158,sess-158-497042,21,science,medium,B,B,True,1.0,1,1789353097.24423
183,sess-183-497042,4,movies,medium,A,A,True,1.0,1,1789353745.4062705
26,sess-26-497042,21,science,medium,B,B,True,1.0,2,1789354393.568311
83,sess-83-497043,17,music,hard,C,C,True,1.0,1,1789355041.7303517
31,sess-31-497043,4,movies,medium,A,A,True,1.0,1,1789355689.8923922
193,sess-193-497043,39,movies,medium,B,D,False,0.0,1,1789356338.0544326
131,sess-131-497043,49,geography,medium,B,A,False,0.0,1,1789356986.216473
69,sess-69-497043,4,movies,medium,A,A,True,1.0,1,1789357634.3785136
142,sess-142-497043,27,movies,hard,B,B,True,1.0,2,1789358282.540554
8,sess-8-497044,27,movies,hard,A,B,False,0.0,1,1789358930.7025948
69,sess-69-497044,36,history,medium,C,D,False,0.0,2,1789359578.8646352
26,sess-26-497044,16,science,hard,C,D,False,0.0,2,1789360227.0266757
33,sess-33-497044,20,geography,easy,C,B,False,0.0,1,1789360875.1887162
22,sess-22-497044,55,movies,medium,B,A,False,0.0,1,1789361523.3507566
37,sess-37-497045,24,history,hard,A,C,False,0.0,1,1789362171.512797
63,sess-63-497045,35,sports,hard,C,D,False,0.0,1,1789362819.6748376
116,sess-116-497045,3,music,easy,B,B,True,1.0,1,1789363467.8368783
119,sess-119-497045,54,movies,hard,D,B,False,0.0,1,1789364115.9989188
43,sess-43-497045,1,science,hard,A,A,True,1.0,1,1789364764.1609592
124,sess-124-497045,18,movies,easy,D,C,False,0.0,1,1789365412.3229997
98,sess-98-497046,23,history,medium,A,C,False,0.0,1,1789366060.4850402
150,sess-150-497046,54,movies,hard,A,B,False,0.0,1,1789366708.6470807
42,sess-42-497046,48,music,medium,A,C,False,0.0,1,1789367356.8091214
77,sess-77-497046,6,history,hard,B,B,True,1.0,2,1789368004.9711618
32,sess-32-497046,54,movies,hard,B,B,True,1.0,1,1789368653.1332023
143,sess-143-497047,18,movies,easy,A,C,False,0.0,2,1789369301.2952428
157,sess-157-497047,33,history,hard,C,A,False,0.0,1,1789369949.4572833
175,sess-175-497047,22,sports,hard,D,C,False,0.0,1,1789370597.6193237
116,sess-116-497047,18,movies,easy,C,C,True,1.0,1,1789371245.7813644
83,sess-83-497047,22,sports,hard,C,C,True,1.0,1,1789371893.943405
154,sess-154-497047,22,sports,hard,C,C,True,1.0,1,1789372542.1054454
178,sess-178-497048,9,science,easy,A,C,False,0.0,2,1789373190.2674859
156,sess-156-497048,31,history,easy,A,A,True,1.0,3,1789373838.4295263
3,sess-3-497048,44,sports,medium,A,A,True,1.0,2,1789374486.5915668
143,sess-143-497048,58,history,hard,C,A,False,0.0,1,1789375134.7536075
196,sess-196-497048,26,movies,hard,D,A,False,0.0,1,1789375782.915648
167,sess-167-497049,5,science,easy,D,A,False,0.0,1,1789376431.0776885
114,sess-114-497049,44,sports,medium,A,A,True,1.0,2,1789377079.239729
97,sess-97-497049,53,history,medium,C,B,False,0.0,1,1789377727.4017694
46,sess-46-497049,54,movies,hard,D,B,False,0.0,1,1789378375.5638099
3,sess-3-497049,8,history,medium,A,D,False,0.0,2,1789379023.7258503
114,sess-114-497049,1,science,hard,A,A,True,1.0,1,1789379671.887891
6,sess-6-497050,49,geography,medium,A,A,True,1.0,2,1789380320.0499315
182,sess-182-497050,23,history,medium,C,C,True,1.0,1,1789380968.211972
158,sess-158-497050,41,science,easy,D,D,True,1.0,1,1789381616.3740125
184,sess-184-497050,15,movies,easy,D,D,True,1.0,1,1789382264.536053
127,sess-127-497050,24,history,hard,C,C,True,1.0,1,1789382912.6980934
127,sess-127-497050,58,history,hard,D,A,False,0.0,1,1789383560.8601341
54,sess-54-497051,1,science,hard,A,A,True,1.0,1,1789384209.0221746
164,sess-164-497051,26,movies,hard,A,A,True,1.0,1,1789384857.184215
72,sess-72-497051,37,history,hard,A,B,False,0.0,2,1789385505.3462555
142,sess-142-497051,13,geography,medium,D,A,False,0.0,1,1789386153.508296
173,sess-173-497051,44,sports,medium,B,A,False,0.0,1,1789386801.6703365
17,sess-17-497052,38,music,hard,C,C,True,1.0,1,1789387449.8323772
17,sess-17-497052,9,science,easy,C,C,True,1.0,2,1789388097.9944177
146,sess-146-497052,55,movies,medium,A,A,True,1.0,1,1789388746.1564581
134,sess-134-497052,47,music,hard,B,A,False,0.0,1,1789389394.3184986
174,sess-174-497052,2,history,easy,D,C,False,0.0,2,1789390042.480539
174,sess-174-497052,35,sports,hard,C,D,False,0.0,1,1789390690.6425796
144,sess-144-497053,57,geography,easy,B,C,False,0.0,1,1789391338.8046203
165,sess-165-497053,44,sports,medium,B,A,False,0.0,1,1789391986.9666607
83,sess-83-497053,28,history,medium,C,B,False,0.0,1,1789392635.1287012
71,sess-71-497053,8,history,medium,B,D,False,0.0,1,1789393283.2907417
127,sess-127-497053,24,history,hard,A,C,False,0.0,2,1789393931.4527822
185,sess-185-497054,15,movies,easy,D,D,True,1.0,1,1789394579.6148226
108,sess-108-497054,35,sports,hard,A,D,False,0.0,3,1789395227.776863
101,sess-101-497054,13,geography,medium,A,A,True,1.0,1,1789395875.9389038
147,sess-147-497054,52,music,medium,A,A,True,1.0,1,1789396524.1009443
189,sess-189-497054,15,movies,easy,B,D,False,0.0,1,1789397172.2629848
20,sess-20-497054,59,science,hard,A,A,True,1.0,1,1789397820.4250252
43,sess-43-497055,22,sports,hard,C,C,True,1.0,1,1789398468.5870657
161,sess-161-497055,41,science,easy,D,D,True,1.0,1,1789399116.7491062
123,sess-123-497055,28,history,medium,D,B,False,0.0,1,1789399764.9111469
161,sess-161-497055,60,science,hard,D,D,True,1.0,1,1789400413.0731874
65,sess-65-497055,16,science,hard,D,D,True,1.0,1,1789401061.2352278
62,sess-62-497056,22,sports,hard,B,C,False,0.0,2,1789401709.3972683
134,sess-134-497056,51,movies,easy,C,C,True,1.0,1,1789402357.5593088
19,sess-19-497056,50,sports,easy,C,B,False,0.0,1,1789403005.7213492
196,sess-196-497056,7,movies,easy,D,A,False,0.0,1,1789403653.88339
32,sess-32-497056,6,history,hard,A,B,False,0.0,1,1789404302.0454304
97,sess-97-497056,21,science,medium,D,B,False,0.0,1,1789404950.207471
17,sess-17-497057,51,movies,easy,C,C,True,1.0,3,1789405598.3695114
114,sess-114-497057,4,movies,medium,A,A,True,1.0,2,1789406246.5315518
161,sess-161-497057,28,history,medium,B,B,True,1.0,1,1789406894.6935923
174,sess-174-497057,4,movies,medium,C,A,False,0.0,1,1789407542.855633
98,sess-98-497057,26,movies,hard,A,A,True,1.0,1,1789408191.0176735
193,sess-193-497058,27,movies,hard,B,B,True,1.0,1,1789408839.179714
154,sess-154-497058,51,movies,easy,A,C,False,0.0,1,1789409487.3417544
117,sess-117-497058,25,music,hard,B,C,False,0.0,1,1789410135.503795
159,sess-159-497058,40,history,easy,C,C,True,1.0,1,1789410783.6658354
167,sess-167-497058,44,sports,medium,C,A,False,0.0,1,1789411431.8278759
133,sess-133-497058,22,sports,hard,A,C,False,0.0,1,1789412079.9899166
27,sess-27-497059,1,science,hard,B,A,False,0.0,1,1789412728.151957
152,sess-152-497059,51,movies,easy,D,C,False,0.0,1,1789413376.3139975
33,sess-33-497059,41,science,easy,B,D,False,0.0,1,1789414024.476038
108,sess-108-497059,31,history,easy,C,A,False,0.0,1,1789414672.6380785
48,sess-48-497059,16,science,hard,D,D,True,1.0,1,1789415320.800119
12,sess-12-497059,4,movies,medium,A,A,True,1.0,1,1789415968.9621596
150,sess-150-497060,28,history,medium,D,B,False,0.0,1,1789416617.1242
194,sess-194-497060,23,history,medium,C,C,True,1.0,1,1789417265.2862406
139,sess-139-497060,50,sports,easy,B,B,True,1.0,1,1789417913.448281
121,sess-121-497060,20,geography,easy,C,B,False,0.0,1,1789418561.6103215
95,sess-95-497060,1,science,hard,D,A,False,0.0,1,1789419209.772362
174,sess-174-497061,10,geography,medium,D,D,True,1.0,2,1789419857.9344027
130,sess-130-497061,53,history,medium,A,B,False,0.0,1,1789420506.0964432
109,sess-109-497061,23,history,medium,C,C,True,1.0,1,1789421154.2584836
52,sess-52-497061,41,science,easy,A,D,False,0.0,1,1789421802.4205241
88,sess-88-497061,13,geography,medium,D,A,False,0.0,1,1789422450.5825646
178,sess-178-497061,30,music,medium,C,B,False,0.0,1,1789423098.744605
149,sess-149-497062,37,history,hard,D,B,False,0.0,2,1789423746.9066458
77,sess-77-497062,27,movies,hard,B,B,True,1.0,1,1789424395.0686862
27,sess-27-497062,30,music,medium,A,B,False,0.0,1,1789425043.2307267
127,sess-127-497062,15,movies,easy,C,D,False,0.0,1,1789425691.3927672
58,sess-58-497062,45,movies,medium,D,D,True,1.0,1,1789426339.5548077
160,sess-160-497063,14,science,hard,C,C,True,1.0,2,1789426987.7168481
189,sess-189-497063,50,sports,easy,C,B,False,0.0,1,1789427635.8788886
190,sess-190-497063,25,music,hard,C,C,True,1.0,1,1789428284.0409293
48,sess-48-497063,53,history,medium,C,B,False,0.0,1,1789428932.2029698
3,sess-3-497063,5,science,easy,A,A,True,1.0,2,1789429580.3650103
143,sess-143-497063,8,history,medium,D,D,True,1.0,1,1789430228.5270507
113,sess-113-497064,13,geography,medium,C,A,False,0.0,1,1789430876.6890912
12,sess-12-497064,2,history,easy,C,C,True,1.0,1,1789431524.8511317
73,sess-73-497064,12,science,medium,A,A,True,1.0,2,1789432173.0131724
68,sess-68-497064,47,music,hard,A,A,True,1.0,3,1789432821.1752129
142,sess-142-497064,16,science,hard,D,D,True,1.0,1,1789433469.3372533
6,sess-6-497065,12,science,medium,B,A,False,0.0,1,1789434117.4992938
6,sess-6-497065,54,movies,hard,C,B,False,0.0,2,1789434765.6613343
168,sess-168-497065,51,movies,easy,B,C,False,0.0,2,1789435413.8233747
54,sess-54-497065,20,geography,easy,C,B,False,0.0,1,1789436061.9854155
96,sess-96-497065,43,music,medium,B,B,True,1.0,1,1789436710.147456
135,sess-135-497065,52,music,medium,C,A,False,0.0,1,1789437358.3094964
183,sess-183-497066,5,science,easy,A,A,True,1.0,1,1789438006.4715369
34,sess-34-497066,51,movies,easy,C,C,True,1.0,1,1789438654.6335773
137,sess-137-497066,25,music,hard,B,C,False,0.0,1,1789439302.7956178
154,sess-154-497066,28,history,medium,A,B,False,0.0,2,1789439950.9576585
12,sess-12-497066,49,geography,medium,B,A,False,0.0,1,1789440599.119699
138,sess-138-497067,19,science,hard,C,A,False,0.0,2,1789441247.2817395
64,sess-64-497067,4,movies,medium,C,A,False,0.0,1,1789441895.44378
33,sess-33-497067,55,movies,medium,D,A,False,0.0,1,1789442543.6058204
126,sess-126-497067,14,science,hard,B,C,False,0.0,1,1789443191.767861
170,sess-170-497067,40,history,easy,C,C,True,1.0,1,1789443839.9299014
131,sess-131-497067,25,music,hard,D,C,False,0.0,1,1789444488.091942
193,sess-193-497068,33,history,hard,A,A,True,1.0,1,1789445136.2539825
133,sess-133-497068,30,music,medium,B,B,True,1.0,1,1789445784.416023
183,sess-183-497068,24,history,hard,B,C,False,0.0,1,1789446432.5780635
184,sess-184-497068,32,sports,medium,D,C,False,0.0,2,1789447080.740104
103,sess-103-497068,41,science,easy,C,D,False,0.0,1,1789447728.9021444
167,sess-167-497068,3,music,easy,B,B,True,1.0,2,1789448377.0641851
52,sess-52-497069,29,geography,hard,B,D,False,0.0,1,1789449025.2262256
56,sess-56-497069,20,geography,easy,C,B,False,0.0,1,1789449673.388266
147,sess-147-497069,11,history,medium,C,B,False,0.0,1,1789450321.5503066
66,sess-66-497069,36,history,medium,D,D,True,1.0,1,1789450969.712347
193,sess-193-497069,6,history,hard,B,B,True,1.0,1,1789451617.8743875
133,sess-133-497070,23,history,medium,C,C,True,1.0,1,1789452266.0364282
11,sess-11-497070,30,music,medium,C,B,False,0.0,1,1789452914.1984687
110,sess-110-497070,29,geography,hard,B,D,False,0.0,1,1789453562.3605092
95,sess-95-497070,52,music,medium,C,A,False,0.0,1,1789454210.5225496
98,sess-98-497070,2,history,easy,C,C,True,1.0,1,1789454858.68459
60,sess-60-497070,17,music,hard,B,C,False,0.0,2,1789455506.8466306
22,sess-22-497071,19,science,hard,D,A,False,0.0,2,1789456155.0086713
140,sess-140-497071,42,history,hard,A,A,True,1.0,1,1789456803.1707118
71,sess-71-497071,60,science,hard,D,D,True,1.0,1,1789457451.3327522
31,sess-31-497071,5,science,easy,A,A,True,1.0,1,1789458099.4947927
140,sess-140-497071,13,geography,medium,A,A,True,1.0,1,1789458747.6568332
173,sess-173-497072,22,sports,hard,C,C,True,1.0,1,1789459395.8188736
191,sess-191-497072,53,history,medium,C,B,False,0.0,1,1789460043.980914
49,sess-49-497072,46,music,hard,B,A,False,0.0,2,1789460692.1429548
193,sess-193-497072,46,music,hard,C,A,False,0.0,2,1789461340.3049953
3,sess-3-497072,50,sports,easy,B,B,True,1.0,1,1789461988.4670358
89,sess-89-497072,51,movies,easy,B,C,False,0.0,1,1789462636.6290762
149,sess-149-497073,49,geography,medium,C,A,False,0.0,2,1789463284.7911167
168,sess-168-497073,33,history,hard,B,A,False,0.0,1,1789463932.9531572
102,sess-102-497073,15,movies,easy,D,D,True,1.0,2,1789464581.115198
192,sess-192-497073,14,science,hard,D,C,False,0.0,1,1789465229.2772384
151,sess-151-497073,51,movies,easy,B,C,False,0.0,1,1789465877.4392788
185,sess-185-497074,53,history,medium,A,B,False,0.0,1,1789466525.6013193
81,sess-81-497074,55,movies,medium,A,A,True,1.0,1,1789467173.7633598
198,sess-198-497074,45,movies,medium,B,D,False,0.0,1,1789467821.9254003
116,sess-116-497074,55,movies,medium,C,A,False,0.0,2,1789468470.087441
36,sess-36-497074,37,history,hard,C,B,False,0.0,1,1789469118.2494814
189,sess-189-497074,1,science,hard,D,A,False,0.0,1,1789469766.411522
91,sess-91-497075,22,sports,hard,C,C,True,1.0,1,1789470414.5735624
109,sess-109-497075,44,sports,medium,D,A,False,0.0,1,1789471062.7356029
138,sess-138-497075,20,geography,easy,B,B,True,1.0,1,1789471710.8976433
6,sess-6-497075,37,history,hard,A,B,False,0.0,2,1789472359.059684
40,sess-40-497075,22,sports,hard,D,C,False,0.0,1,1789473007.2217245
156,sess-156-497076,37,history,hard,C,B,False,0.0,1,1789473655.383765
53,sess-53-497076,26,movies,hard,A,A,True,1.0,2,1789474303.5458055
99,sess-99-497076,13,geography,medium,C,A,False,0.0,1,1789474951.707846
146,sess-146-497076,29,geography,hard,B,D,False,0.0,1,1789475599.8698864
24,sess-24-497076,11,history,medium,B,B,True,1.0,1,1789476248.0319269
142,sess-142-497076,12,science,medium,A,A,True,1.0,1,1789476896.1939676
177,sess-177-497077,39,movies,medium,A,D,False,0.0,3,1789477544.356008
51,sess-51-497077,5,science,easy,C,A,False,0.0,1,1789478192.5180485
73,sess-73-497077,14,science,hard,C,C,True,1.0,1,1789478840.680089
169,sess-169-497077,34,history,hard,C,C,True,1.0,1,1789479488.8421295
15,sess-15-497077,24,history,hard,A,C,False,0.0,2,1789480137.00417
84,sess-84-497077,56,science,easy,B,D,False,0.0,4,1789480785.1662107
41,sess-41-497078,8,history,medium,D,D,True,1.0,1,1789481433.3282511
108,sess-108-497078,31,history,easy,C,A,False,0.0,2,1789482081.4902916
53,sess-53-497078,9,science,easy,B,C,False,0.0,1,1789482729.652332
111,sess-111-497078,53,history,medium,C,B,False,0.0,1,1789483377.8143725
41,sess-41-497078,39,movies,medium,B,D,False,0.0,1,1789484025.976413
151,sess-151-497079,13,geography,medium,D,A,False,0.0,2,1789484674.1384537
118,sess-118-497079,18,movies,easy,C,C,True,1.0,1,1789485322.3004942
37,sess-37-497079,29,geography,hard,D,D,True,1.0,1,1789485970.4625347
103,sess-103-497079,39,movies,medium,C,D,False,0.0,1,1789486618.6245751
85,sess-85-497079,59,science,hard,C,A,False,0.0,1,1789487266.7866156
118,sess-118-497079,30,music,medium,D,B,False,0.0,1,1789487914.948656
24,sess-24-497080,19,science,hard,C,A,False,0.0,1,1789488563.1106966
89,sess-89-497080,45,movies,medium,B,D,False,0.0,1,1789489211.2727373
101,sess-101-497080,40,history,easy,A,C,False,0.0,1,1789489859.4347777
107,sess-107-497080,16,science,hard,D,D,True,1.0,1,1789490507.5968182
159,sess-159-497080,47,music,hard,C,A,False,0.0,1,1789491155.7588587
169,sess-169-497081,12,science,medium,B,A,False,0.0,1,1789491803.9208992
101,sess-101-497081,45,movies,medium,A,D,False,0.0,1,1789492452.0829396
41,sess-41-497081,18,movies,easy,D,C,False,0.0,2,1789493100.2449803
75,sess-75-497081,43,music,medium,D,B,False,0.0,2,1789493748.4070208
186,sess-186-497081,47,music,hard,C,A,False,0.0,3,1789494396.5690613
106,sess-106-497081,49,geography,medium,C,A,False,0.0,2,1789495044.7311018
20,sess-20-497082,49,geography,medium,A,A,True,1.0,1,1789495692.8931422
197,sess-197-497082,50,sports,easy,B,B,True,1.0,2,1789496341.0551827
116,sess-116-497082,11,history,medium,B,B,True,1.0,1,1789496989.2172234
130,sess-130-497082,3,music,easy,A,B,False,0.0,1,1789497637.3792639
164,sess-164-497082,45,movies,medium,B,D,False,0.0,3,1789498285.5413043
98,sess-98-497083,22,sports,hard,A,C,False,0.0,1,1789498933.7033448
102,sess-102-497083,3,music,easy,B,B,True,1.0,1,1789499581.8653853
30,sess-30-497083,46,music,hard,C,A,False,0.0,2,1789500230.0274258
172,sess-172-497083,48,music,medium,B,C,False,0.0,1,1789500878.1894665
18,sess-18-497083,6,history,hard,A,B,False,0.0,1,1789501526.351507
183,sess-183-497083,29,geography,hard,D,D,True,1.0,1,1789502174.5135474
72,sess-72-497084,54,movies,hard,B,B,True,1.0,1,1789502822.675588
5,sess-5-497084,39,movies,medium,D,D,True,1.0,1,1789503470.8376284
76,sess-76-497084,8,history,medium,B,D,False,0.0,1,1789504118.9996688
44,sess-44-497084,5,science,easy,B,A,False,0.0,2,1789504767.1617093
174,sess-174-497084,18,movies,easy,C,C,True,1.0,1,1789505415.32375
92,sess-92-497085,12,science,medium,A,A,True,1.0,1,1789506063.4857905
9,sess-9-497085,58,history,hard,B,A,False,0.0,1,1789506711.647831
114,sess-114-497085,45,movies,medium,D,D,True,1.0,2,1789507359.8098714
163,sess-163-497085,52,music,medium,D,A,False,0.0,1,1789508007.971912
184,sess-184-497085,43,music,medium,C,B,False,0.0,1,1789508656.1339524
177,sess-177-497085,20,geography,easy,D,B,False,0.0,2,1789509304.295993
2,sess-2-497086,4,movies,medium,B,A,False,0.0,1,1789509952.4580336
64,sess-64-497086,24,history,hard,A,C,False,0.0,1,1789510600.620074
24,sess-24-497086,2,history,easy,A,C,False,0.0,1,1789511248.7821145
87,sess-87-497086,53,history,medium,B,B,True,1.0,2,1789511896.944155
172,sess-172-497086,5,science,easy,A,A,True,1.0,2,1789512545.1061954
25,sess-25-497086,52,music,medium,D,A,False,0.0,1,1789513193.2682362
43,sess-43-497087,47,music,hard,A,A,True,1.0,2,1789513841.4302766
107,sess-107-497087,33,history,hard,A,A,True,1.0,1,1789514489.592317
84,sess-84-497087,21,science,medium,A,B,False,0.0,1,1789515137.7543576
160,sess-160-497087,14,science,hard,B,C,False,0.0,3,1789515785.916398
110,sess-110-497087,8,history,medium,D,D,True,1.0,1,1789516434.0784385
28,sess-28-497088,23,history,medium,C,C,True,1.0,1,1789517082.2404792
4,sess-4-497088,26,movies,hard,B,A,False,0.0,1,1789517730.4025197
100,sess-100-497088,14,science,hard,A,C,False,0.0,1,1789518378.5645602
169,sess-169-497088,53,history,medium,B,B,True,1.0,1,1789519026.7266006
160,sess-160-497088,24,history,hard,C,C,True,1.0,1,1789519674.888641
56,sess-56-497088,27,movies,hard,B,B,True,1.0,1,1789520323.0506816
154,sess-154-497089,32,sports,medium,A,C,False,0.0,1,1789520971.212722
183,sess-183-497089,35,sports,hard,C,D,False,0.0,1,1789521619.3747628
44,sess-44-497089,17,music,hard,D,C,False,0.0,1,1789522267.5368032
84,sess-84-497089,41,science,easy,C,D,False,0.0,1,1789522915.6988437
198,sess-198-497089,45,movies,medium,D,D,True,1.0,2,1789523563.8608842
45,sess-45-497090,41,science,easy,C,D,False,0.0,1,1789524212.0229247
82,sess-82-497090,55,movies,medium,B,A,False,0.0,1,1789524860.1849651
86,sess-86-497090,2,history,easy,D,C,False,0.0,1,1789525508.3470058
115,sess-115-497090,25,music,hard,D,C,False,0.0,2,1789526156.5090463
60,sess-60-497090,33,history,hard,B,A,False,0.0,1,1789526804.6710868
60,sess-60-497090,2,history,easy,A,C,False,0.0,1,1789527452.8331273
80,sess-80-497091,16,science,hard,A,D,False,0.0,1,1789528100.9951677
159,sess-159-497091,6,history,hard,B,B,True,1.0,2,1789528749.1572082
96,sess-96-497091,32,sports,medium,C,C,True,1.0,2,1789529397.319249
39,sess-39-497091,25,music,hard,C,C,True,1.0,1,1789530045.4812894
10,sess-10-497091,16,science,hard,C,D,False,0.0,1,1789530693.6433299
114,sess-114-497092,48,music,medium,A,C,False,0.0,2,1789531341.8053703
72,sess-72-497092,21,science,medium,A,B,False,0.0,1,1789531989.9674108
134,sess-134-497092,51,movies,easy,D,C,False,0.0,2,1789532638.1294513
74,sess-74-497092,49,geography,medium,A,A,True,1.0,1,1789533286.291492
188,sess-188-497092,22,sports,hard,C,C,True,1.0,2,1789533934.4535325
53,sess-53-497092,35,sports,hard,D,D,True,1.0,1,1789534582.615573
171,sess-171-497093,16,science,hard,C,D,False,0.0,2,1789535230.7776134
185,sess-185-497093,15,movies,easy,B,D,False,0.0,2,1789535878.9396539
134,sess-134-497093,21,science,medium,B,B,True,1.0,1,1789536527.1016943
162,sess-162-497093,1,science,hard,A,A,True,1.0,1,1789537175.2637348
126,sess-126-497093,5,science,easy,B,A,False,0.0,2,1789537823.4257755
163,sess-163-497094,10,geography,medium,A,D,False,0.0,2,1789538471.587816
24,sess-24-497094,12,science,medium,B,A,False,0.0,1,1789539119.7498565
61,sess-61-497094,33,history,hard,A,A,True,1.0,1,1789539767.911897
186,sess-186-497094,30,music,medium,B,B,True,1.0,2,1789540416.0739374
185,sess-185-497094,13,geography,medium,A,A,True,1.0,1,1789541064.235978
46,sess-46-497094,39,movies,medium,D,D,True,1.0,1,1789541712.3980186
74,sess-74-497095,37,history,hard,D,B,False,0.0,1,1789542360.560059
52,sess-52-497095,18,movies,easy,B,C,False,0.0,1,1789543008.7220995
21,sess-21-497095,24,history,hard,C,C,True,1.0,2,1789543656.88414
43,sess-43-497095,31,history,easy,D,A,False,0.0,1,1789544305.0461805
157,sess-157-497095,48,music,medium,A,C,False,0.0,1,1789544953.208221
124,sess-124-497096,2,history,easy,B,C,False,0.0,1,1789545601.3702617
22,sess-22-497096,49,geography,medium,C,A,False,0.0,1,1789546249.5323021
153,sess-153-497096,35,sports,hard,D,D,True,1.0,2,1789546897.6943426
187,sess-187-497096,12,science,medium,A,A,True,1.0,1,1789547545.856383
119,sess-119-497096,20,geography,easy,C,B,False,0.0,1,1789548194.0184236
144,sess-144-497096,39,movies,medium,B,D,False,0.0,1,1789548842.180464
35,sess-35-497097,46,music,hard,B,A,False,0.0,1,1789549490.3425047
49,sess-49-497097,1,science,hard,A,A,True,1.0,1,1789550138.5045452
129,sess-129-497097,47,music,hard,C,A,False,0.0,1,1789550786.6665857
104,sess-104-497097,60,science,hard,B,D,False,0.0,1,1789551434.8286262
191,sess-191-497097,24,history,hard,C,C,True,1.0,1,1789552082.9906666
79,sess-79-497097,42,history,hard,B,A,False,0.0,1,1789552731.152707
105,sess-105-497098,57,geography,easy,C,C,True,1.0,1,1789553379.3147476
32,sess-32-497098,25,music,hard,A,C,False,0.0,1,1789554027.4767883
50,sess-50-497098,49,geography,medium,C,A,False,0.0,1,1789554675.6388288
198,sess-198-497098,59,science,hard,C,A,False,0.0,1,1789555323.8008692
131,sess-131-497098,46,music,hard,D,A,False,0.0,2,1789555971.9629097
95,sess-95-497099,45,movies,medium,D,D,True,1.0,1,1789556620.1249502
99,sess-99-497099,60,science,hard,A,D,False,0.0,1,1789557268.2869906
63,sess-63-497099,31,history,easy,A,A,True,1.0,2,1789557916.4490314
93,sess-93-497099,41,science,easy,A,D,False,0.0,1,1789558564.6110718
179,sess-179-497099,43,music,medium,C,B,False,0.0,1,1789559212.7731123
155,sess-155-497099,30,music,medium,A,B,False,0.0,1,1789559860.9351528
66,sess-66-497100,16,science,hard,C,D,False,0.0,1,1789560509.0971932
42,sess-42-497100,1,science,hard,A,A,True,1.0,1,1789561157.2592337
24,sess-24-497100,42,history,hard,C,A,False,0.0,1,1789561805.4212744
102,sess-102-497100,46,music,hard,B,A,False,0.0,1,1789562453.583315
133,sess-133-497100,59,science,hard,A,A,True,1.0,1,1789563101.7453554
109,sess-109-497101,11,history,medium,C,B,False,0.0,1,1789563749.9073958
178,sess-178-497101,20,geography,easy,D,B,False,0.0,1,1789564398.0694363
169,sess-169-497101,57,geography,easy,C,C,True,1.0,3,1789565046.2314768
79,sess-79-497101,47,music,hard,D,A,False,0.0,2,1789565694.3935175
23,sess-23-497101,7,movies,easy,C,A,False,0.0,1,1789566342.555558
37,sess-37-497101,18,movies,easy,D,C,False,0.0,1,1789566990.7175984
102,sess-102-497102,45,movies,medium,D,D,True,1.0,1,1789567638.879639
44,sess-44-497102,53,history,medium,A,B,False,0.0,1,1789568287.0416794
18,sess-18-497102,50,sports,easy,D,B,False,0.0,2,1789568935.2037199
107,sess-107-497102,42,history,hard,A,A,True,1.0,1,1789569583.3657603
111,sess-111-497102,11,history,medium,B,B,True,1.0,1,1789570231.527801
48,sess-48-497103,46,music,hard,A,A,True,1.0,1,1789570879.6898415
125,sess-125-497103,12,science,medium,B,A,False,0.0,1,1789571527.851882
116,sess-116-497103,37,history,hard,A,B,False,0.0,1,1789572176.0139225
52,sess-52-497103,4,movies,medium,B,A,False,0.0,1,1789572824.175963
67,sess-67-497103,58,history,hard,C,A,False,0.0,1,1789573472.3380034
161,sess-161-497103,59,science,hard,D,A,False,0.0,1,1789574120.500044
43,sess-43-497104,6,history,hard,B,B,True,1.0,2,1789574768.6620846
97,sess-97-497104,8,history,medium,D,D,True,1.0,1,1789575416.824125
88,sess-88-497104,2,history,easy,B,C,False,0.0,1,1789576064.9861655
125,sess-125-497104,44,sports,medium,B,A,False,0.0,1,1789576713.148206
16,sess-16-497104,18,movies,easy,A,C,False,0.0,2,1789577361.3102465
171,sess-171-497105,38,music,hard,A,C,False,0.0,1,1789578009.4722872
25,sess-25-497105,14,science,hard,A,C,False,0.0,1,1789578657.6343277
97,sess-97-497105,39,movies,medium,B,D,False,0.0,1,1789579305.7963681
125,sess-125-497105,31,history,easy,D,A,False,0.0,1,1789579953.9584086
110,sess-110-497105,22,sports,hard,C,C,True,1.0,1,1789580602.120449
88,sess-88-497105,21,science,medium,C,B,False,0.0,1,1789581250.2824895
171,sess-171-497106,26,movies,hard,A,A,True,1.0,1,1789581898.4445302
15,sess-15-497106,23,history,medium,A,C,False,0.0,2,1789582546.6065707
1,sess-1-497106,30,music,medium,C,B,False,0.0,1,1789583194.7686112
186,sess-186-497106,54,movies,hard,A,B,False,0.0,2,1789583842.9306517
7,sess-7-497106,39,movies,medium,D,D,True,1.0,1,1789584491.0926921
136,sess-136-497106,18,movies,easy,A,C,False,0.0,1,1789585139.2547326
95,sess-95-497107,29,geography,hard,C,D,False,0.0,1,1789585787.416773
122,sess-122-497107,33,history,hard,B,A,False,0.0,2,1789586435.5788138
1,sess-1-497107,41,science,easy,B,D,False,0.0,1,1789587083.7408543
5,sess-5-497107,41,science,easy,D,D,True,1.0,1,1789587731.9028947
12,sess-12-497107,52,music,medium,D,A,False,0.0,1,1789588380.0649352
114,sess-114-497108,15,movies,easy,B,D,False,0.0,1,1789589028.2269757
190,sess-190-497108,40,history,easy,B,C,False,0.0,1,1789589676.3890162
110,sess-110-497108,60,science,hard,B,D,False,0.0,1,1789590324.5510569
169,sess-169-497108,55,movies,medium,B,A,False,0.0,1,1789590972.7130973
188,sess-188-497108,25,music,hard,C,C,True,1.0,1,1789591620.8751378
50,sess-50-497108,46,music,hard,A,A,True,1.0,1,1789592269.0371783
134,sess-134-497109,57,geography,easy,D,C,False,0.0,1,1789592917.1992188
130,sess-130-497109,3,music,easy,B,B,True,1.0,2,1789593565.3612592
23,sess-23-497109,20,geography,easy,D,B,False,0.0,1,1789594213.5233
120,sess-120-497109,11,history,medium,A,B,False,0.0,1,1789594861.6853404
124,sess-124-497109,43,music,medium,A,B,False,0.0,2,1789595509.8473809
55,sess-55-497110,11,history,medium,D,B,False,0.0,1,1789596158.0094213
180,sess-180-497110,6,history,hard,B,B,True,1.0,1,1789596806.1714618
184,sess-184-497110,2,history,easy,C,C,True,1.0,1,1789597454.3335023
84,sess-84-497110,58,history,hard,A,A,True,1.0,1,1789598102.495543
72,sess-72-497110,15,movies,easy,C,D,False,0.0,1,1789598750.6575835
122,sess-122-497110,58,history,hard,D,A,False,0.0,1,1789599398.819624
35,sess-35-497111,60,science,hard,C,D,False,0.0,1,1789600046.9816644
126,sess-126-497111,6,history,hard,C,B,False,0.0,2,1789600695.143705
58,sess-58-497111,60,science,hard,C,D,False,0.0,1,1789601343.3057454
17,sess-17-497111,42,history,hard,A,A,True,1.0,1,1789601991.4677858
184,sess-184-497111,48,music,medium,B,C,False,0.0,1,1789602639.6298265
168,sess-168-497112,42,history,hard,C,A,False,0.0,3,1789603287.791867
60,sess-60-497112,15,movies,easy,D,D,True,1.0,1,1789603935.9539075
75,sess-75-497112,6,history,hard,B,B,True,1.0,1,1789604584.115948
88,sess-88-497112,48,music,medium,A,C,False,0.0,1,1789605232.2779884
191,sess-191-497112,8,history,medium,A,D,False,0.0,1,1789605880.440029
81,sess-81-497112,25,music,hard,A,C,False,0.0,1,1789606528.6020696
80,sess-80-497113,4,movies,medium,B,A,False,0.0,1,1789607176.76411
100,sess-100-497113,28,history,medium,B,B,True,1.0,1,1789607824.9261506
94,sess-94-497113,52,music,medium,B,A,False,0.0,1,1789608473.088191
134,sess-134-497113,43,music,medium,A,B,False,0.0,2,1789609121.2502315
28,sess-28-497113,26,movies,hard,A,A,True,1.0,1,1789609769.412272
118,sess-118-497114,21,science,medium,B,B,True,1.0,1,1789610417.5743127
76,sess-76-497114,54,movies,hard,B,B,True,1.0,1,1789611065.7363532
175,sess-175-497114,30,music,medium,B,B,True,1.0,1,1789611713.8983936
73,sess-73-497114,10,geography,medium,C,D,False,0.0,1,1789612362.060434
9,sess-9-497114,39,movies,medium,D,D,True,1.0,1,1789613010.2224746
129,sess-129-497114,45,movies,medium,D,D,True,1.0,1,1789613658.384515
181,sess-181-497115,37,history,hard,A,B,False,0.0,1,1789614306.5465555
127,sess-127-497115,19,science,hard,C,A,False,0.0,1,1789614954.7085962
16,sess-16-497115,52,music,medium,A,A,True,1.0,1,1789615602.8706367
184,sess-184-497115,14,science,hard,A,C,False,0.0,1,1789616251.0326772
180,sess-180-497115,48,music,medium,C,C,True,1.0,1,1789616899.1947176
199,sess-199-497115,12,science,medium,D,A,False,0.0,1,1789617547.356758
101,sess-101-497116,20,geography,easy,D,B,False,0.0,1,1789618195.5187986
41,sess-41-497116,2,history,easy,B,C,False,0.0,2,1789618843.6808393
109,sess-109-497116,44,sports,medium,C,A,False,0.0,2,1789619491.8428798
194,sess-194-497116,26,movies,hard,A,A,True,1.0,1,1789620140.0049202
136,sess-136-497116,47,music,hard,A,A,True,1.0,2,1789620788.1669607
179,sess-179-497117,60,science,hard,D,D,True,1.0,1,1789621436.3290012
141,sess-141-497117,26,movies,hard,A,A,True,1.0,1,1789622084.4910417
83,sess-83-497117,49,geography,medium,B,A,False,0.0,1,1789622732.6530824
182,sess-182-497117,20,geography,easy,A,B,False,0.0,1,1789623380.8151228
148,sess-148-497117,9,science,easy,B,C,False,0.0,1,1789624028.9771633
75,sess-75-497117,58,history,hard,A,A,True,1.0,1,1789624677.1392038
56,sess-56-497118,52,music,medium,D,A,False,0.0,1,1789625325.3012443
167,sess-167-497118,1,science,hard,A,A,True,1.0,1,1789625973.4632847
148,sess-148-497118,7,movies,easy,B,A,False,0.0,3,1789626621.6253254
97,sess-97-497118,28,history,medium,A,B,False,0.0,1,1789627269.787366
15,sess-15-497118,7,movies,easy,A,A,True,1.0,1,1789627917.9494064
122,sess-122-497119,12,science,medium,B,A,False,0.0,1,1789628566.1114469
132,sess-132-497119,42,history,hard,A,A,True,1.0,1,1789629214.2734873
112,sess-112-497119,10,geography,medium,B,D,False,0.0,2,1789629862.4355278
63,sess-63-497119,3,music,easy,B,B,True,1.0,1,1789630510.5975683
102,sess-102-497119,32,sports,medium,C,C,True,1.0,1,1789631158.759609
153,sess-153-497119,12,science,medium,C,A,False,0.0,1,1789631806.9216495
199,sess-199-497120,45,movies,medium,C,D,False,0.0,1,1789632455.08369
169,sess-169-497120,6,history,hard,D,B,False,0.0,1,1789633103.2457304
98,sess-98-497120,18,movies,easy,B,C,False,0.0,1,1789633751.4077709
95,sess-95-497120,1,science,hard,A,A,True,1.0,2,1789634399.5698113
22,sess-22-497120,8,history,medium,C,D,False,0.0,2,1789635047.731852
131,sess-131-497121,15,movies,easy,D,D,True,1.0,1,1789635695.8938925
147,sess-147-497121,37,history,hard,D,B,False,0.0,1,1789636344.055933
191,sess-191-497121,7,movies,easy,B,A,False,0.0,1,1789636992.2179735
99,sess-99-497121,31,history,easy,D,A,False,0.0,1,1789637640.380014
112,sess-112-497121,20,geography,easy,A,B,False,0.0,1,1789638288.5420544
84,sess-84-497121,5,science,easy,D,A,False,0.0,1,1789638936.7040951
48,sess-48-497122,26,movies,hard,B,A,False,0.0,1,1789639584.8661356
101,sess-101-497122,36,history,medium,C,D,False,0.0,1,1789640233.028176
126,sess-126-497122,5,science,easy,D,A,False,0.0,3,1789640881.1902165
138,sess-138-497122,46,music,hard,D,A,False,0.0,1,1789641529.352257
32,sess-32-497122,49,geography,medium,D,A,False,0.0,1,1789642177.5142975
31,sess-31-497123,12,science,medium,D,A,False,0.0,2,1789642825.6763382
47,sess-47-497123,1,science,hard,C,A,False,0.0,1,1789643473.8383787
32,sess-32-497123,3,music,easy,B,B,True,1.0,2,1789644122.0004191
53,sess-53-497123,42,history,hard,A,A,True,1.0,2,1789644770.1624596
144,sess-144-497123,17,music,hard,A,C,False,0.0,1,1789645418.3245
22,sess-22-497123,8,history,medium,B,D,False,0.0,3,1789646066.4865406
140,sess-140-497124,11,history,medium,D,B,False,0.0,1,1789646714.648581
1,sess-1-497124,16,science,hard,D,D,True,1.0,1,1789647362.8106217
133,sess-133-497124,58,history,hard,D,A,False,0.0,3,1789648010.9726622
137,sess-137-497124,29,geography,hard,D,D,True,1.0,1,1789648659.1347027
126,sess-126-497124,45,movies,medium,D,D,True,1.0,1,1789649307.2967432
91,sess-91-497124,39,movies,medium,A,D,False,0.0,1,1789649955.4587836
177,sess-177-497125,7,movies,easy,B,A,False,0.0,1,1789650603.620824
61,sess-61-497125,3,music,easy,B,B,True,1.0,1,1789651251.7828648
77,sess-77-497125,55,movies,medium,B,A,False,0.0,1,1789651899.9449053
155,sess-155-497125,36,history,medium,D,D,True,1.0,1,1789652548.1069458
92,sess-92-497125,18,movies,easy,C,C,True,1.0,1,1789653196.2689862
160,sess-160-497126,28,history,medium,B,B,True,1.0,1,1789653844.4310267
66,sess-66-497126,17,music,hard,C,C,True,1.0,1,1789654492.5930672
42,sess-42-497126,26,movies,hard,C,A,False,0.0,2,1789655140.7551079
174,sess-174-497126,28,history,medium,A,B,False,0.0,1,1789655788.9171484
138,sess-138-497126,14,science,hard,C,C,True,1.0,3,1789656437.0791888
188,sess-188-497126,18,movies,easy,D,C,False,0.0,1,1789657085.2412293
166,sess-166-497127,13,geography,medium,D,A,False,0.0,2,1789657733.4032698
169,sess-169-497127,42,history,hard,D,A,False,0.0,1,1789658381.5653102
42,sess-42-497127,27,movies,hard,C,B,False,0.0,1,1789659029.727351
112,sess-112-497127,25,music,hard,C,C,True,1.0,1,1789659677.8893914
155,sess-155-497127,16,science,hard,D,D,True,1.0,1,1789660326.051432
32,sess-32-497128,35,sports,hard,D,D,True,1.0,1,1789660974.2134724
141,sess-141-497128,27,movies,hard,B,B,True,1.0,1,1789661622.3755128
164,sess-164-497128,6,history,hard,B,B,True,1.0,1,1789662270.5375533
86,sess-86-497128,50,sports,easy,B,B,True,1.0,1,1789662918.6995938
58,sess-58-497128,18,movies,easy,C,C,True,1.0,1,1789663566.8616345
97,sess-97-497128,15,movies,easy,D,D,True,1.0,2,1789664215.023675
27,sess-27-497129,51,movies,easy,A,C,False,0.0,1,1789664863.1857154
135,sess-135-497129,47,music,hard,D,A,False,0.0,1,1789665511.347756
126,sess-126-497129,7,movies,easy,D,A,False,0.0,2,1789666159.5097964
147,sess-147-497129,56,science,easy,D,D,True,1.0,1,1789666807.6718369
70,sess-70-497129,39,movies,medium,D,D,True,1.0,1,1789667455.8338776
13,sess-13-497130,11,history,medium,B,B,True,1.0,1,1789668103.995918
193,sess-193-497130,25,music,hard,C,C,True,1.0,1,1789668752.1579585
190,sess-190-497130,44,sports,medium,D,A,False,0.0,1,1789669400.319999
142,sess-142-497130,39,movies,medium,B,D,False,0.0,1,1789670048.4820395
123,sess-123-497130,38,music,hard,C,C,True,1.0,2,1789670696.64408
3,sess-3-497130,44,sports,medium,B,A,False,0.0,3,1789671344.8061206
169,sess-169-497131,9,science,easy,C,C,True,1.0,1,1789671992.968161
146,sess-146-497131,48,music,medium,C,C,True,1.0,1,1789672641.1302016
186,sess-186-497131,41,science,easy,C,D,False,0.0,1,1789673289.292242
200,sess-200-497131,16,science,hard,B,D,False,0.0,1,1789673937.4542825
181,sess-181-497131,30,music,medium,B,B,True,1.0,2,1789674585.616323
91,sess-91-497132,52,music,medium,C,A,False,0.0,1,1789675233.7783637
71,sess-71-497132,28,history,medium,D,B,False,0.0,2,1789675881.9404042
59,sess-59-497132,20,geography,easy,A,B,False,0.0,1,1789676530.1024446
79,sess-79-497132,27,movies,hard,A,B,False,0.0,1,1789677178.2644851
163,sess-163-497132,6,history,hard,B,B,True,1.0,1,1789677826.4265256
62,sess-62-497132,6,history,hard,B,B,True,1.0,1,1789678474.588566
15,sess-15-497133,6,history,hard,D,B,False,0.0,1,1789679122.7506065
127,sess-127-497133,52,music,medium,C,A,False,0.0,1,1789679770.9126472
174,sess-174-497133,33,history,hard,B,A,False,0.0,1,1789680419.0746877
123,sess-123-497133,32,sports,medium,D,C,False,0.0,1,1789681067.2367282
137,sess-137-497133,45,movies,medium,D,D,True,1.0,1,1789681715.3987687
4,sess-4-497133,40,history,easy,C,C,True,1.0,2,1789682363.5608091
191,sess-191-497134,1,science,hard,D,A,False,0.0,1,1789683011.7228496
137,sess-137-497134,48,music,medium,C,C,True,1.0,1,1789683659.8848903
190,sess-190-497134,43,music,medium,D,B,False,0.0,2,1789684308.0469308
176,sess-176-497134,39,movies,medium,D,D,True,1.0,1,1789684956.2089713
115,sess-115-497134,11,history,medium,D,B,False,0.0,1,1789685604.3710117
58,sess-58-497135,12,science,medium,A,A,True,1.0,1,1789686252.5330522
35,sess-35-497135,33,history,hard,A,A,True,1.0,1,1789686900.6950927
14,sess-14-497135,28,history,medium,A,B,False,0.0,1,1789687548.8571334
96,sess-96-497135,8,history,medium,D,D,True,1.0,1,1789688197.0191739
174,sess-174-497135,16,science,hard,A,D,False,0.0,1,1789688845.1812143
75,sess-75-497135,20,geography,easy,C,B,False,0.0,1,1789689493.3432548
55,sess-55-497136,1,science,hard,D,A,False,0.0,1,1789690141.5052953
101,sess-101-497136,14,science,hard,D,C,False,0.0,2,1789690789.6673357
132,sess-132-497136,53,history,medium,C,B,False,0.0,1,1789691437.8293765
159,sess-159-497136,55,movies,medium,C,A,False,0.0,1,1789692085.991417
2,sess-2-497136,40,history,easy,B,C,False,0.0,1,1789692734.1534574
91,sess-91-497137,7,movies,easy,A,A,True,1.0,1,1789693382.3154979
185,sess-185-497137,12,science,medium,B,A,False,0.0,1,1789694030.4775383
26,sess-26-497137,28,history,medium,A,B,False,0.0,1,1789694678.6395788
136,sess-136-497137,33,history,hard,C,A,False,0.0,2,1789695326.8016193
32,sess-32-497137,59,science,hard,B,A,False,0.0,2,1789695974.96366
197,sess-197-497137,43,music,medium,B,B,True,1.0,2,1789696623.1257005
121,sess-121-497138,26,movies,hard,A,A,True,1.0,1,1789697271.287741
94,sess-94-497138,28,history,medium,D,B,False,0.0,2,1789697919.4497814
69,sess-69-497138,7,movies,easy,D,A,False,0.0,1,1789698567.611822
113,sess-113-497138,11,history,medium,B,B,True,1.0,1,1789699215.7738624
192,sess-192-497138,28,history,medium,B,B,True,1.0,1,1789699863.935903
182,sess-182-497139,13,geography,medium,A,A,True,1.0,1,1789700512.0979435
73,sess-73-497139,3,music,easy,B,B,True,1.0,1,1789701160.259984
108,sess-108-497139,48,music,medium,C,C,True,1.0,1,1789701808.4220245
9,sess-9-497139,11,history,medium,C,B,False,0.0,1,1789702456.584065
171,sess-171-497139,18,movies,easy,C,C,True,1.0,1,1789703104.7461054
126,sess-126-497139,36,history,medium,C,D,False,0.0,1,1789703752.9081461
183,sess-183-497140,9,science,easy,C,C,True,1.0,1,1789704401.0701866
196,sess-196-497140,50,sports,easy,D,B,False,0.0,2,1789705049.232227
186,sess-186-497140,60,science,hard,B,D,False,0.0,1,1789705697.3942676
34,sess-34-497140,8,history,medium,A,D,False,0.0,1,1789706345.556308
33,sess-33-497140,10,geography,medium,D,D,True,1.0,1,1789706993.7183485
4,sess-4-497141,50,sports,easy,A,B,False,0.0,1,1789707641.8803892
174,sess-174-497141,54,movies,hard,B,B,True,1.0,1,1789708290.0424297
153,sess-153-497141,48,music,medium,C,C,True,1.0,1,1789708938.2044702
123,sess-123-497141,19,science,hard,A,A,True,1.0,1,1789709586.3665106
22,sess-22-497141,49,geography,medium,D,A,False,0.0,2,1789710234.528551
40,sess-40-497141,47,music,hard,B,A,False,0.0,1,1789710882.6905916
72,sess-72-497142,50,sports,easy,B,B,True,1.0,1,1789711530.852632
68,sess-68-497142,45,movies,medium,D,D,True,1.0,1,1789712179.0146728
110,sess-110-497142,13,geography,medium,B,A,False,0.0,2,1789712827.1767132
180,sess-180-497142,47,music,hard,B,A,False,0.0,1,1789713475.3387537
49,sess-49-497142,55,movies,medium,D,A,False,0.0,4,1789714123.5007942
39,sess-39-497142,15,movies,easy,D,D,True,1.0,1,1789714771.6628346
103,sess-103-497143,3,music,easy,B,B,True,1.0,1,1789715419.824875
50,sess-50-497143,60,science,hard,D,D,True,1.0,1,1789716067.9869158
5,sess-5-497143,40,history,easy,C,C,True,1.0,1,1789716716.1489563
14,sess-14-497143,25,music,hard,B,C,False,0.0,1,1789717364.3109968
180,sess-180-497143,41,science,easy,A,D,False,0.0,1,1789718012.4730372
87,sess-87-497144,28,history,medium,D,B,False,0.0,1,1789718660.6350777
110,sess-110-497144,42,history,hard,A,A,True,1.0,2,1789719308.7971182
29,sess-29-497144,18,movies,easy,C,C,True,1.0,1,1789719956.959159
90,sess-90-497144,46,music,hard,C,A,False,0.0,1,1789720605.1211994
13,sess-13-497144,12,science,medium,A,A,True,1.0,1,1789721253.2832398
14,sess-14-497144,43,music,medium,A,B,False,0.0,2,1789721901.4452803
74,sess-74-497145,31,history,easy,A,A,True,1.0,1,1789722549.6073208
156,sess-156-497145,7,movies,easy,C,A,False,0.0,1,1789723197.7693613
126,sess-126-497145,24,history,hard,C,C,True,1.0,1,1789723845.931402
29,sess-29-497145,7,movies,easy,D,A,False,0.0,2,1789724494.0934424
142,sess-142-497145,50,sports,easy,C,B,False,0.0,1,1789725142.255483
93,sess-93-497146,48,music,medium,D,C,False,0.0,2,1789725790.4175234
200,sess-200-497146,38,music,hard,B,C,False,0.0,1,1789726438.5795639
61,sess-61-497146,42,history,hard,A,A,True,1.0,2,1789727086.7416043
150,sess-150-497146,25,music,hard,C,C,True,1.0,2,1789727734.9036448
28,sess-28-497146,9,science,easy,D,C,False,0.0,2,1789728383.0656855
31,sess-31-497146,3,music,easy,D,B,False,0.0,1,1789729031.227726
49,sess-49-497147,13,geography,medium,B,A,False,0.0,2,1789729679.3897665
20,sess-20-497147,35,sports,hard,B,D,False,0.0,1,1789730327.551807
186,sess-186-497147,31,history,easy,B,A,False,0.0,1,1789730975.7138474
137,sess-137-497147,47,music,hard,A,A,True,1.0,3,1789731623.8758879
33,sess-33-497147,13,geography,medium,D,A,False,0.0,1,1789732272.0379286
65,sess-65-497148,58,history,hard,D,A,False,0.0,1,1789732920.199969
89,sess-89-497148,58,history,hard,A,A,True,1.0,1,1789733568.3620095
162,sess-162-497148,46,music,hard,A,A,True,1.0,1,1789734216.52405
112,sess-112-497148,5,science,easy,D,A,False,0.0,1,1789734864.6860905
129,sess-129-497148,51,movies,easy,C,C,True,1.0,1,1789735512.848131
154,sess-154-497148,18,movies,easy,A,C,False,0.0,1,1789736161.0101717
75,sess-75-497149,3,music,easy,A,B,False,0.0,2,1789736809.1722121
178,sess-178-497149,13,geography,medium,C,A,False,0.0,1,1789737457.3342526
127,sess-127-497149,44,sports,medium,D,A,False,0.0,1,1789738105.496293
20,sess-20-497149,11,history,medium,D,B,False,0.0,1,1789738753.6583335
99,sess-99-497149,36,history,medium,B,D,False,0.0,2,1789739401.820374
156,sess-156-497150,18,movies,easy,C,C,True,1.0,1,1789740049.9824145
1,sess-1-497150,11,history,medium,D,B,False,0.0,1,1789740698.1444552
179,sess-179-497150,1,science,hard,D,A,False,0.0,1,1789741346.3064957
117,sess-117-497150,33,history,hard,D,A,False,0.0,3,1789741994.4685361
67,sess-67-497150,20,geography,easy,C,B,False,0.0,1,1789742642.6305766
182,sess-182-497150,18,movies,easy,A,C,False,0.0,1,1789743290.792617
58,sess-58-497151,3,music,easy,C,B,False,0.0,1,1789743938.9546576
11,sess-11-497151,41,science,easy,D,D,True,1.0,1,1789744587.1166983
72,sess-72-497151,60,science,hard,D,D,True,1.0,1,1789745235.2787387
14,sess-14-497151,42,history,hard,B,A,False,0.0,2,1789745883.4407792
137,sess-137-497151,8,history,medium,D,D,True,1.0,1,1789746531.6028197
89,sess-89-497151,41,science,easy,B,D,False,0.0,2,1789747179.7648602
84,sess-84-497152,6,history,hard,D,B,False,0.0,2,1789747827.9269006
68,sess-68-497152,47,music,hard,A,A,True,1.0,4,1789748476.0889413
157,sess-157-497152,19,science,hard,A,A,True,1.0,1,1789749124.2509818
15,sess-15-497152,41,science,easy,B,D,False,0.0,3,1789749772.4130223
57,sess-57-497152,47,music,hard,B,A,False,0.0,2,1789750420.5750628
66,sess-66-497153,2,history,easy,D,C,False,0.0,1,1789751068.7371032
28,sess-28-497153,47,music,hard,C,A,False,0.0,2,1789751716.8991437
168,sess-168-497153,17,music,hard,D,C,False,0.0,1,1789752365.0611844
155,sess-155-497153,36,history,medium,D,D,True,1.0,2,1789753013.2232249
114,sess-114-497153,15,movies,easy,D,D,True,1.0,2,1789753661.3852654
53,sess-53-497153,38,music,hard,B,C,False,0.0,1,1789754309.5473058
40,sess-40-497154,29,geography,hard,D,D,True,1.0,1,1789754957.7093463
186,sess-186-497154,28,history,medium,B,B,True,1.0,2,1789755605.8713868
123,sess-123-497154,6,history,hard,C,B,False,0.0,1,1789756254.0334272
48,sess-48-497154,53,history,medium,A,B,False,0.0,2,1789756902.195468
146,sess-146-497154,32,sports,medium,A,C,False,0.0,1,1789757550.3575084
166,sess-166-497155,19,science,hard,A,A,True,1.0,1,1789758198.519549
42,sess-42-497155,57,geography,easy,C,C,True,1.0,1,1789758846.6815894
101,sess-101-497155,44,sports,medium,B,A,False,0.0,1,1789759494.8436298
37,sess-37-497155,5,science,easy,C,A,False,0.0,2,1789760143.0056703
166,sess-166-497155,26,movies,hard,A,A,True,1.0,1,1789760791.167711
135,sess-135-497155,9,science,easy,A,C,False,0.0,1,1789761439.3297515
155,sess-155-497156,7,movies,easy,A,A,True,1.0,1,1789762087.491792
6,sess-6-497156,8,history,medium,C,D,False,0.0,1,1789762735.6538324
12,sess-12-497156,9,science,easy,C,C,True,1.0,2,1789763383.815873
22,sess-22-497156,18,movies,easy,C,C,True,1.0,1,1789764031.9779134
161,sess-161-497156,39,movies,medium,D,D,True,1.0,1,1789764680.139954
3,sess-3-497157,51,movies,easy,C,C,True,1.0,1,1789765328.3019946
189,sess-189-497157,53,history,medium,B,B,True,1.0,2,1789765976.464035
182,sess-182-497157,6,history,hard,B,B,True,1.0,1,1789766624.6260755
123,sess-123-497157,49,geography,medium,C,A,False,0.0,1,1789767272.788116
42,sess-42-497157,20,geography,easy,B,B,True,1.0,2,1789767920.9501565
40,sess-40-497157,16,science,hard,D,D,True,1.0,2,1789768569.1121972
178,sess-178-497158,18,movies,easy,A,C,False,0.0,1,1789769217.2742376
6,sess-6-497158,53,history,medium,B,B,True,1.0,1,1789769865.436278
140,sess-140-497158,19,science,hard,A,A,True,1.0,1,1789770513.5983186
107,sess-107-497158,10,geography,medium,D,D,True,1.0,1,1789771161.760359
58,sess-58-497158,2,history,easy,C,C,True,1.0,1,1789771809.9223995
99,sess-99-497159,10,geography,medium,D,D,True,1.0,1,1789772458.08444
74,sess-74-497159,15,movies,easy,C,D,False,0.0,1,1789773106.2464807
99,sess-99-497159,44,sports,medium,B,A,False,0.0,1,1789773754.4085212
126,sess-126-497159,11,history,medium,A,B,False,0.0,1,1789774402.5705616
27,sess-27-497159,19,science,hard,A,A,True,1.0,2,1789775050.7326021
158,sess-158-497159,22,sports,hard,C,C,True,1.0,1,1789775698.8946426
22,sess-22-497160,58,history,hard,A,A,True,1.0,1,1789776347.056683
39,sess-39-497160,12,science,medium,C,A,False,0.0,1,1789776995.2187238
154,sess-154-497160,12,science,medium,B,A,False,0.0,1,1789777643.3807642
171,sess-171-497160,44,sports,medium,A,A,True,1.0,1,1789778291.5428047
74,sess-74-497160,23,history,medium,B,C,False,0.0,1,1789778939.7048452
128,sess-128-497160,43,music,medium,B,B,True,1.0,1,1789779587.8668857
68,sess-68-497161,52,music,medium,B,A,False,0.0,1,1789780236.0289261
1,sess-1-497161,56,science,easy,A,D,False,0.0,2,1789780884.1909668
200,sess-200-497161,42,history,hard,A,A,True,1.0,1,1789781532.3530073
38,sess-38-497161,25,music,hard,B,C,False,0.0,1,1789782180.5150478
18,sess-18-497161,8,history,medium,C,D,False,0.0,1,1789782828.6770883
72,sess-72-497162,10,geography,medium,D,D,True,1.0,1,1789783476.8391287
33,sess-33-497162,12,science,medium,C,A,False,0.0,2,1789784125.0011692
82,sess-82-497162,32,sports,medium,D,C,False,0.0,1,1789784773.16321
106,sess-106-497162,39,movies,medium,B,D,False,0.0,2,1789785421.3252504
36,sess-36-497162,52,music,medium,B,A,False,0.0,2,1789786069.4872909
99,sess-99-497162,27,movies,hard,D,B,False,0.0,1,1789786717.6493313
137,sess-137-497163,32,sports,medium,A,C,False,0.0,1,1789787365.8113718
99,sess-99-497163,6,history,hard,C,B,False,0.0,2,1789788013.9734123
135,sess-135-497163,37,history,hard,D,B,False,0.0,1,1789788662.1354527
57,sess-57-497163,45,movies,medium,D,D,True,1.0,1,1789789310.2974935
93,sess-93-497163,1,science,hard,A,A,True,1.0,1,1789789958.459534
5,sess-5-497164,24,history,hard,A,C,False,0.0,2,1789790606.6215744
29,sess-29-497164,4,movies,medium,C,A,False,0.0,1,1789791254.7836149
200,sess-200-497164,53,history,medium,B,B,True,1.0,1,1789791902.9456553
118,sess-118-497164,10,geography,medium,C,D,False,0.0,1,1789792551.1076958
108,sess-108-497164,16,science,hard,D,D,True,1.0,1,1789793199.2697365
58,sess-58-497164,4,movies,medium,B,A,False,0.0,1,1789793847.431777
179,sess-179-497165,46,music,hard,A,A,True,1.0,1,1789794495.5938175
188,sess-188-497165,2,history,easy,B,C,False,0.0,1,1789795143.755858
96,sess-96-497165,4,movies,medium,D,A,False,0.0,1,1789795791.9178984
149,sess-149-497165,5,science,easy,D,A,False,0.0,1,1789796440.079939
41,sess-41-497165,2,history,easy,C,C,True,1.0,3,1789797088.2419796
37,sess-37-497166,6,history,hard,B,B,True,1.0,1,1789797736.40402
4,sess-4-497166,37,history,hard,C,B,False,0.0,2,1789798384.5660605
39,sess-39-497166,49,geography,medium,A,A,True,1.0,1,1789799032.728101
191,sess-191-497166,9,science,easy,D,C,False,0.0,1,1789799680.8901415
77,sess-77-497166,31,history,easy,C,A,False,0.0,1,1789800329.052182
114,sess-114-497166,51,movies,easy,A,C,False,0.0,1,1789800977.2142227
74,sess-74-497167,8,history,medium,D,D,True,1.0,1,1789801625.3762631
165,sess-165-497167,3,music,easy,A,B,False,0.0,1,1789802273.5383036
129,sess-129-497167,11,history,medium,B,B,True,1.0,1,1789802921.700344
109,sess-109-497167,44,sports,medium,C,A,False,0.0,3,1789803569.8623846
142,sess-142-497167,46,music,hard,D,A,False,0.0,1,1789804218.024425
129,sess-129-497168,20,geography,easy,C,B,False,0.0,1,1789804866.1864655
41,sess-41-497168,18,movies,easy,D,C,False,0.0,3,1789805514.3485062
97,sess-97-497168,9,science,easy,B,C,False,0.0,1,1789806162.5105467
159,sess-159-497168,4,movies,medium,A,A,True,1.0,2,1789806810.6725872
48,sess-48-497168,53,history,medium,D,B,False,0.0,3,1789807458.8346276
155,sess-155-497168,54,movies,hard,B,B,True,1.0,1,1789808106.996668
178,sess-178-497169,30,music,medium,D,B,False,0.0,2,1789808755.1587086
165,sess-165-497169,26,movies,hard,B,A,False,0.0,1,1789809403.3207493
14,sess-14-497169,52,music,medium,A,A,True,1.0,1,1789810051.4827898
109,sess-109-497169,13,geography,medium,A,A,True,1.0,1,1789810699.6448302
27,sess-27-497169,5,science,easy,A,A,True,1.0,2,1789811347.8068707
200,sess-200-497169,55,movies,medium,A,A,True,1.0,1,1789811995.9689112
62,sess-62-497170,19,science,hard,A,A,True,1.0,1,1789812644.1309516
28,sess-28-497170,5,science,easy,A,A,True,1.0,1,1789813292.2929924
3,sess-3-497170,49,geography,medium,B,A,False,0.0,1,1789813940.4550328
142,sess-142-497170,13,geography,medium,B,A,False,0.0,2,1789814588.6170733
62,sess-62-497170,18,movies,easy,C,C,True,1.0,1,1789815236.7791138
146,sess-146-497171,37,history,hard,B,B,True,1.0,2,1789815884.9411542
124,sess-124-497171,3,music,easy,B,B,True,1.0,1,1789816533.1031947
24,sess-24-497171,20,geography,easy,B,B,True,1.0,1,1789817181.2652354
92,sess-92-497171,49,geography,medium,A,A,True,1.0,1,1789817829.427276
102,sess-102-497171,33,history,hard,A,A,True,1.0,1,1789818477.5893164
193,sess-193-497171,26,movies,hard,B,A,False,0.0,1,1789819125.7513568
180,sess-180-497172,44,sports,medium,A,A,True,1.0,1,1789819773.9133973
105,sess-105-497172,58,history,hard,B,A,False,0.0,2,1789820422.0754378
129,sess-129-497172,52,music,medium,B,A,False,0.0,1,1789821070.2374783
151,sess-151-497172,51,movies,easy,C,C,True,1.0,2,1789821718.399519
151,sess-151-497172,56,science,easy,B,D,False,0.0,1,1789822366.5615594
42,sess-42-497173,10,geography,medium,A,D,False,0.0,1,1789823014.7236
161,sess-161-497173,6,history,hard,A,B,False,0.0,1,1789823662.8856404
56,sess-56-497173,52,music,medium,B,A,False,0.0,2,1789824311.0476809
197,sess-197-497173,46,music,hard,A,A,True,1.0,2,1789824959.2097213
129,sess-129-497173,34,history,hard,D,C,False,0.0,1,1789825607.371762
167,sess-167-497173,34,history,hard,B,C,False,0.0,1,1789826255.5338025
115,sess-115-497174,51,movies,easy,C,C,True,1.0,1,1789826903.695843
75,sess-75-497174,24,history,hard,B,C,False,0.0,1,1789827551.8578835
11,sess-11-497174,58,history,hard,D,A,False,0.0,1,1789828200.019924
100,sess-100-497174,16,science,hard,D,D,True,1.0,2,1789828848.1819644
157,sess-157-497174,39,movies,medium,D,D,True,1.0,1,1789829496.344005
40,sess-40-497175,37,history,hard,C,B,False,0.0,1,1789830144.5060456
25,sess-25-497175,52,music,medium,A,A,True,1.0,2,1789830792.668086
197,sess-197-497175,56,science,easy,D,D,True,1.0,1,1789831440.8301265
23,sess-23-497175,32,sports,medium,C,C,True,1.0,1,1789832088.992167
81,sess-81-497175,11,history,medium,A,B,False,0.0,1,1789832737.1542075
18,sess-18-497175,18,movies,easy,B,C,False,0.0,2,1789833385.3162482
23,sess-23-497176,5,science,easy,A,A,True,1.0,2,1789834033.4782887
198,sess-198-497176,30,music,medium,B,B,True,1.0,1,1789834681.6403291
122,sess-122-497176,17,music,hard,B,C,False,0.0,1,1789835329.8023696
167,sess-167-497176,60,science,hard,D,D,True,1.0,1,1789835977.96441
32,sess-32-497176,37,history,hard,C,B,False,0.0,1,1789836626.1264505
74,sess-74-497177,26,movies,hard,D,A,False,0.0,1,1789837274.288491
175,sess-175-497177,9,science,easy,D,C,False,0.0,1,1789837922.4505317
160,sess-160-497177,21,science,medium,B,B,True,1.0,1,1789838570.6125722
175,sess-175-497177,27,movies,hard,C,B,False,0.0,1,1789839218.7746127
175,sess-175-497177,3,music,easy,D,B,False,0.0,2,1789839866.9366531
15,sess-15-497177,48,music,medium,D,C,False,0.0,1,1789840515.0986936
144,sess-144-497178,1,science,hard,A,A,True,1.0,1,1789841163.260734
27,sess-27-497178,19,science,hard,A,A,True,1.0,3,1789841811.4227748
146,sess-146-497178,26,movies,hard,B,A,False,0.0,1,1789842459.5848153
100,sess-100-497178,56,science,easy,A,D,False,0.0,1,1789843107.7468557
90,sess-90-497178,30,music,medium,D,B,False,0.0,1,1789843755.9088962
120,sess-120-497179,7,movies,easy,A,A,True,1.0,1,1789844404.0709367
188,sess-188-497179,7,movies,easy,C,A,False,0.0,1,1789845052.2329772
197,sess-197-497179,28,history,medium,B,B,True,1.0,1,1789845700.3950179
85,sess-85-497179,5,science,easy,A,A,True,1.0,1,1789846348.5570583
155,sess-155-497179,32,sports,medium,C,C,True,1.0,1,1789846996.7190988
190,sess-190-497179,31,history,easy,A,A,True,1.0,1,1789847644.8811393
117,sess-117-497180,3,music,easy,C,B,False,0.0,1,1789848293.0431798
38,sess-38-497180,41,science,easy,D,D,True,1.0,1,1789848941.2052202
146,sess-146-497180,3,music,easy,C,B,False,0.0,2,1789849589.367261
16,sess-16-497180,60,science,hard,B,D,False,0.0,2,1789850237.5293014
122,sess-122-497180,14,science,hard,C,C,True,1.0,1,1789850885.6913419
6,sess-6-497180,49,geography,medium,C,A,False,0.0,3,1789851533.8533823
65,sess-65-497181,41,science,easy,D,D,True,1.0,1,1789852182.0154228
37,sess-37-497181,5,science,easy,A,A,True,1.0,3,1789852830.1774633
21,sess-21-497181,20,geography,easy,C,B,False,0.0,1,1789853478.3395038
108,sess-108-497181,34,history,hard,C,C,True,1.0,1,1789854126.5015445
67,sess-67-497181,12,science,medium,B,A,False,0.0,3,1789854774.663585
110,sess-110-497182,22,sports,hard,B,C,False,0.0,2,1789855422.8256254
43,sess-43-497182,13,geography,medium,A,A,True,1.0,1,1789856070.987666
108,sess-108-497182,31,history,easy,D,A,False,0.0,3,1789856719.1497064
42,sess-42-497182,45,movies,medium,C,D,False,0.0,2,1789857367.3117468
147,sess-147-497182,25,music,hard,D,C,False,0.0,1,1789858015.4737875
153,sess-153-497182,13,geography,medium,A,A,True,1.0,1,1789858663.635828
171,sess-171-497183,38,music,hard,B,C,False,0.0,2,1789859311.7978685
171,sess-171-497183,53,history,medium,D,B,False,0.0,2,1789859959.959909
189,sess-189-497183,47,music,hard,A,A,True,1.0,2,1789860608.1219494
39,sess-39-497183,58,history,hard,B,A,False,0.0,2,1789861256.28399
128,sess-128-497183,56,science,easy,D,D,True,1.0,1,1789861904.4460306
173,sess-173-497184,27,movies,hard,B,B,True,1.0,1,1789862552.608071
185,sess-185-497184,1,science,hard,B,A,False,0.0,1,1789863200.7701116
163,sess-163-497184,29,geography,hard,C,D,False,0.0,1,1789863848.932152
25,sess-25-497184,3,music,easy,B,B,True,1.0,1,1789864497.0941925
49,sess-49-497184,27,movies,hard,A,B,False,0.0,2,1789865145.256233
154,sess-154-497184,25,music,hard,C,C,True,1.0,1,1789865793.4182734
54,sess-54-497185,13,geography,medium,D,A,False,0.0,1,1789866441.5803142
4,sess-4-497185,24,history,hard,A,C,False,0.0,1,1789867089.7423546
78,sess-78-497185,58,history,hard,A,A,True,1.0,1,1789867737.904395
32,sess-32-497185,45,movies,medium,B,D,False,0.0,1,1789868386.0664356
106,sess-106-497185,27,movies,hard,B,B,True,1.0,3,1789869034.228476
139,sess-139-497186,28,history,medium,C,B,False,0.0,1,1789869682.3905165
30,sess-30-497186,60,science,hard,D,D,True,1.0,1,1789870330.5525572
110,sess-110-497186,24,history,hard,C,C,True,1.0,1,1789870978.7145977
153,sess-153-497186,11,history,medium,C,B,False,0.0,1,1789871626.8766382
73,sess-73-497186,55,movies,medium,D,A,False,0.0,1,1789872275.0386786
112,sess-112-497186,41,science,easy,D,D,True,1.0,1,1789872923.200719
159,sess-159-497187,60,science,hard,A,D,False,0.0,3,1789873571.3627596
23,sess-23-497187,52,music,medium,B,A,False,0.0,2,1789874219.5248003
167,sess-167-497187,2,history,easy,B,C,False,0.0,1,1789874867.6868408
27,sess-27-497187,32,sports,medium,D,C,False,0.0,1,1789875515.8488812
140,sess-140-497187,7,movies,easy,D,A,False,0.0,1,1789876164.0109217
149,sess-149-497188,52,music,medium,A,A,True,1.0,1,1789876812.1729622
75,sess-75-497188,55,movies,medium,B,A,False,0.0,1,1789877460.3350027
199,sess-199-497188,30,music,medium,A,B,False,0.0,1,1789878108.4970434
51,sess-51-497188,55,movies,medium,B,A,False,0.0,1,1789878756.6590838
90,sess-90-497188,51,movies,easy,B,C,False,0.0,1,1789879404.8211243
166,sess-166-497188,46,music,hard,C,A,False,0.0,1,1789880052.9831648
2,sess-2-497189,24,history,hard,D,C,False,0.0,1,1789880701.1452053
73,sess-73-497189,18,movies,easy,B,C,False,0.0,1,1789881349.3072457
79,sess-79-497189,54,movies,hard,C,B,False,0.0,1,1789881997.4692862
173,sess-173-497189,16,science,hard,D,D,True,1.0,1,1789882645.631327
107,sess-107-497189,3,music,easy,B,B,True,1.0,2,1789883293.7933674
40,sess-40-497189,51,movies,easy,C,C,True,1.0,1,1789883941.9554079
133,sess-133-497190,53,history,medium,C,B,False,0.0,1,1789884590.1174483
86,sess-86-497190,11,history,medium,C,B,False,0.0,1,1789885238.2794888
62,sess-62-497190,36,history,medium,A,D,False,0.0,1,1789885886.4415293
158,sess-158-497190,42,history,hard,A,A,True,1.0,2,1789886534.60357
14,sess-14-497190,52,music,medium,C,A,False,0.0,2,1789887182.7656105
33,sess-33-497191,41,science,easy,D,D,True,1.0,2,1789887830.927651
187,sess-187-497191,12,science,medium,C,A,False,0.0,2,1789888479.0896914
133,sess-133-497191,11,history,medium,A,B,False,0.0,1,1789889127.2517319
182,sess-182-497191,52,music,medium,A,A,True,1.0,1,1789889775.4137723
31,sess-31-497191,41,science,easy,B,D,False,0.0,1,1789890423.575813
196,sess-196-497191,41,science,easy,C,D,False,0.0,2,1789891071.7378535
41,sess-41-497192,21,science,medium,B,B,True,1.0,2,1789891719.899894
24,sess-24-497192,2,history,easy,D,C,False,0.0,2,1789892368.0619345
198,sess-198-497192,38,music,hard,C,C,True,1.0,3,1789893016.223975
159,sess-159-497192,46,music,hard,B,A,False,0.0,1,1789893664.3860154
147,sess-147-497192,25,music,hard,C,C,True,1.0,2,1789894312.5480561
188,sess-188-497193,9,science,easy,D,C,False,0.0,1,1789894960.7100966
162,sess-162-497193,50,sports,easy,B,B,True,1.0,2,1789895608.872137
62,sess-62-497193,42,history,hard,C,A,False,0.0,3,1789896257.0341775
50,sess-50-497193,35,sports,hard,C,D,False,0.0,1,1789896905.196218
200,sess-200-497193,52,music,medium,C,A,False,0.0,1,1789897553.3582585
169,sess-169-497193,4,movies,medium,A,A,True,1.0,1,1789898201.520299
37,sess-37-497194,41,science,easy,D,D,True,1.0,1,1789898849.6823397
149,sess-149-497194,56,science,easy,D,D,True,1.0,1,1789899497.8443801
118,sess-118-497194,60,science,hard,A,D,False,0.0,2,1789900146.0064206
37,sess-37-497194,19,science,hard,A,A,True,1.0,1,1789900794.168461
47,sess-47-497194,6,history,hard,B,B,True,1.0,1,1789901442.3305016
93,sess-93-497195,59,science,hard,C,A,False,0.0,1,1789902090.492542
26,sess-26-497195,32,sports,medium,B,C,False,0.0,1,1789902738.6545827
19,sess-19-497195,32,sports,medium,A,C,False,0.0,1,1789903386.8166232
54,sess-54-497195,44,sports,medium,C,A,False,0.0,1,1789904034.9786637
163,sess-163-497195,59,science,hard,B,A,False,0.0,1,1789904683.1407042
47,sess-47-497195,20,geography,easy,B,B,True,1.0,1,1789905331.3027446
46,sess-46-497196,43,music,medium,D,B,False,0.0,1,1789905979.464785
9,sess-9-497196,8,history,medium,B,D,False,0.0,1,1789906627.6268258
124,sess-124-497196,40,history,easy,A,C,False,0.0,2,1789907275.7888663
41,sess-41-497196,34,history,hard,A,C,False,0.0,1,1789907923.9509068
50,sess-50-497196,39,movies,medium,D,D,True,1.0,1,1789908572.1129472
6,sess-6-497197,34,history,hard,A,C,False,0.0,1,1789909220.2749877
56,sess-56-497197,56,science,easy,D,D,True,1.0,1,1789909868.4370282
56,sess-56-497197,2,history,easy,C,C,True,1.0,1,1789910516.5990689
57,sess-57-497197,6,history,hard,A,B,False,0.0,1,1789911164.7611094
69,sess-69-497197,18,movies,easy,A,C,False,0.0,1,1789911812.9231498
90,sess-90-497197,46,music,hard,C,A,False,0.0,2,1789912461.0851903
120,sess-120-497198,48,music,medium,B,C,False,0.0,1,1789913109.2472308
132,sess-132-497198,26,movies,hard,C,A,False,0.0,2,1789913757.4092712
45,sess-45-497198,13,geography,medium,D,A,False,0.0,3,1789914405.5713117
72,sess-72-497198,26,movies,hard,A,A,True,1.0,1,1789915053.7333524
197,sess-197-497198,38,music,hard,C,C,True,1.0,1,1789915701.895393
53,sess-53-497198,47,music,hard,C,A,False,0.0,1,1789916350.0574334
109,sess-109-497199,39,movies,medium,B,D,False,0.0,1,1789916998.2194738
160,sess-160-497199,7,movies,easy,C,A,False,0.0,1,1789917646.3815143
52,sess-52-497199,37,history,hard,B,B,True,1.0,1,1789918294.5435548
162,sess-162-497199,53,history,medium,B,B,True,1.0,1,1789918942.7055955
43,sess-43-497199,57,geography,easy,C,C,True,1.0,1,1789919590.867636
131,sess-131-497200,17,music,hard,B,C,False,0.0,2,1789920239.0296764
155,sess-155-497200,53,history,medium,D,B,False,0.0,1,1789920887.191717
91,sess-91-497200,26,movies,hard,A,A,True,1.0,1,1789921535.3537574
47,sess-47-497200,52,music,medium,A,A,True,1.0,2,1789922183.5157979
48,sess-48-497200,23,history,medium,C,C,True,1.0,1,1789922831.6778386
56,sess-56-497200,43,music,medium,B,B,True,1.0,1,1789923479.839879
38,sess-38-497201,50,sports,easy,B,B,True,1.0,1,1789924128.0019195
3,sess-3-497201,21,science,medium,D,B,False,0.0,1,1789924776.16396
85,sess-85-497201,14,science,hard,B,C,False,0.0,1,1789925424.3260005
60,sess-60-497201,36,history,medium,D,D,True,1.0,1,1789926072.488041
73,sess-73-497201,39,movies,medium,D,D,True,1.0,2,1789926720.6500816
56,sess-56-497202,7,movies,easy,D,A,False,0.0,1,1789927368.812122
156,sess-156-497202,57,geography,easy,D,C,False,0.0,2,1789928016.9741626
20,sess-20-497202,37,history,hard,C,B,False,0.0,2,1789928665.136203
175,sess-175-497202,49,geography,medium,C,A,False,0.0,2,1789929313.2982435
51,sess-51-497202,13,geography,medium,A,A,True,1.0,2,1789929961.460284
127,sess-127-497202,32,sports,medium,C,C,True,1.0,1,1789930609.6223245
71,sess-71-497203,27,movies,hard,B,B,True,1.0,1,1789931257.7843652
116,sess-116-497203,11,history,medium,D,B,False,0.0,2,1789931905.9464056
99,sess-99-497203,16,science,hard,B,D,False,0.0,1,1789932554.1084461
5,sess-5-497203,42,history,hard,D,A,False,0.0,1,1789933202.2704866
2,sess-2-497203,59,science,hard,B,A,False,0.0,1,1789933850.432527
104,sess-104-497204,3,music,easy,D,B,False,0.0,1,1789934498.5945675
11,sess-11-497204,22,sports,hard,A,C,False,0.0,1,1789935146.7566082
121,sess-121-497204,7,movies,easy,C,A,False,0.0,2,1789935794.9186487
186,sess-186-497204,20,geography,easy,B,B,True,1.0,1,1789936443.0806892
193,sess-193-497204,23,history,medium,D,C,False,0.0,1,1789937091.2427297
199,sess-199-497204,21,science,medium,A,B,False,0.0,2,1789937739.4047701
101,sess-101-497205,20,geography,easy,C,B,False,0.0,2,1789938387.5668106
127,sess-127-497205,55,movies,medium,B,A,False,0.0,2,1789939035.7288513
96,sess-96-497205,40,history,easy,C,C,True,1.0,1,1789939683.8908918
58,sess-58-497205,4,movies,medium,B,A,False,0.0,2,1789940332.0529323
27,sess-27-497205,21,science,medium,D,B,False,0.0,2,1789940980.2149727
112,sess-112-497206,15,movies,easy,D,D,True,1.0,1,1789941628.3770132
49,sess-49-497206,47,music,hard,C,A,False,0.0,1,1789942276.5390537
138,sess-138-497206,1,science,hard,B,A,False,0.0,1,1789942924.7010944
67,sess-67-497206,57,geography,easy,A,C,False,0.0,1,1789943572.8631349
13,sess-13-497206,20,geography,easy,B,B,True,1.0,2,1789944221.0251753
85,sess-85-497206,45,movies,medium,B,D,False,0.0,1,1789944869.1872158
70,sess-70-497207,45,movies,medium,D,D,True,1.0,1,1789945517.3492563
36,sess-36-497207,38,music,hard,A,C,False,0.0,1,1789946165.5112967
82,sess-82-497207,56,science,easy,D,D,True,1.0,1,1789946813.6733372
150,sess-150-497207,57,geography,easy,B,C,False,0.0,1,1789947461.835378
164,sess-164-497207,29,geography,hard,C,D,False,0.0,1,1789948109.9974184
136,sess-136-497207,16,science,hard,C,D,False,0.0,1,1789948758.1594589
126,sess-126-497208,18,movies,easy,C,C,True,1.0,1,1789949406.3214993
188,sess-188-497208,31,history,easy,A,A,True,1.0,1,1789950054.4835398
68,sess-68-497208,50,sports,easy,B,B,True,1.0,2,1789950702.6455803
22,sess-22-497208,23,history,medium,A,C,False,0.0,1,1789951350.807621
169,sess-169-497208,42,history,hard,B,A,False,0.0,2,1789951998.9696615
178,sess-178-497209,5,science,easy,A,A,True,1.0,3,1789952647.131702
127,sess-127-497209,4,movies,medium,A,A,True,1.0,2,1789953295.2937424
172,sess-172-497209,14,science,hard,B,C,False,0.0,1,1789953943.455783
49,sess-49-497209,32,sports,medium,C,C,True,1.0,1,1789954591.6178234
54,sess-54-497209,53,history,medium,D,B,False,0.0,2,1789955239.779864
132,sess-132-497209,55,movies,medium,A,A,True,1.0,1,1789955887.9419045
80,sess-80-497210,46,music,hard,B,A,False,0.0,2,1789956536.103945
130,sess-130-497210,7,movies,easy,B,A,False,0.0,1,1789957184.2659855
94,sess-94-497210,25,music,hard,D,C,False,0.0,2,1789957832.428026
132,sess-132-497210,13,geography,medium,B,A,False,0.0,1,1789958480.5900664
18,sess-18-497210,18,movies,easy,D,C,False,0.0,3,1789959128.7521071
79,sess-79-497211,56,science,easy,A,D,False,0.0,1,1789959776.9141476
38,sess-38-497211,30,music,medium,D,B,False,0.0,1,1789960425.076188
29,sess-29-497211,16,science,hard,D,D,True,1.0,1,1789961073.2382286
118,sess-118-497211,12,science,medium,A,A,True,1.0,1,1789961721.400269
122,sess-122-497211,43,music,medium,C,B,False,0.0,1,1789962369.5623095
68,sess-68-497211,8,history,medium,A,D,False,0.0,2,1789963017.72435
91,sess-91-497212,28,history,medium,B,B,True,1.0,1,1789963665.8863907
102,sess-102-497212,33,history,hard,C,A,False,0.0,2,1789964314.0484312
14,sess-14-497212,29,geography,hard,D,D,True,1.0,1,1789964962.2104716
26,sess-26-497212,4,movies,medium,D,A,False,0.0,3,1789965610.372512
109,sess-109-497212,13,geography,medium,A,A,True,1.0,2,1789966258.5345526
104,sess-104-497213,12,science,medium,D,A,False,0.0,1,1789966906.696593
156,sess-156-497213,32,sports,medium,A,C,False,0.0,1,1789967554.8586338
175,sess-175-497213,4,movies,medium,B,A,False,0.0,1,1789968203.0206742
57,sess-57-497213,8,history,medium,D,D,True,1.0,1,1789968851.1827147
10,sess-10-497213,37,history,hard,B,B,True,1.0,2,1789969499.3447552
17,sess-17-497213,35,sports,hard,D,D,True,1.0,1,1789970147.5067956
58,sess-58-497214,57,geography,easy,D,C,False,0.0,1,1789970795.668836
104,sess-104-497214,26,movies,hard,A,A,True,1.0,1,1789971443.8308768
57,sess-57-497214,47,music,hard,D,A,False,0.0,3,1789972091.9929173
69,sess-69-497214,32,sports,medium,C,C,True,1.0,1,1789972740.1549578
53,sess-53-497214,23,history,medium,D,C,False,0.0,1,1789973388.3169982
153,sess-153-497215,19,science,hard,B,A,False,0.0,2,1789974036.4790387
48,sess-48-497215,33,history,hard,D,A,False,0.0,1,1789974684.6410792
123,sess-123-497215,48,music,medium,C,C,True,1.0,2,1789975332.8031197
177,sess-177-497215,16,science,hard,D,D,True,1.0,1,1789975980.9651604
175,sess-175-497215,5,science,easy,A,A,True,1.0,1,1789976629.1272008
86,sess-86-497215,58,history,hard,B,A,False,0.0,1,1789977277.2892413
171,sess-171-497216,31,history,easy,B,A,False,0.0,1,1789977925.4512818
46,sess-46-497216,17,music,hard,A,C,False,0.0,1,1789978573.6133223
174,sess-174-497216,49,geography,medium,D,A,False,0.0,1,1789979221.7753627
91,sess-91-497216,31,history,easy,C,A,False,0.0,1,1789979869.9374034
64,sess-64-497216,31,history,easy,A,A,True,1.0,1,1789980518.099444
5,sess-5-497216,37,history,hard,C,B,False,0.0,1,1789981166.2614844
59,sess-59-497217,34,history,hard,A,C,False,0.0,1,1789981814.4235249
199,sess-199-497217,7,movies,easy,A,A,True,1.0,1,1789982462.5855653
189,sess-189-497217,22,sports,hard,D,C,False,0.0,1,1789983110.7476058
90,sess-90-497217,35,sports,hard,D,D,True,1.0,1,1789983758.9096465
125,sess-125-497217,17,music,hard,C,C,True,1.0,1,1789984407.071687
4,sess-4-497218,53,history,medium,B,B,True,1.0,1,1789985055.2337275
182,sess-182-497218,22,sports,hard,D,C,False,0.0,1,1789985703.395768
153,sess-153-497218,31,history,easy,A,A,True,1.0,2,1789986351.5578084
176,sess-176-497218,34,history,hard,A,C,False,0.0,1,1789986999.7198489
38,sess-38-497218,27,movies,hard,D,B,False,0.0,1,1789987647.8818896
37,sess-37-497218,23,history,medium,A,C,False,0.0,1,1789988296.04393
148,sess-148-497219,48,music,medium,B,C,False,0.0,1,1789988944.2059705
93,sess-93-497219,14,science,hard,A,C,False,0.0,1,1789989592.368011
97,sess-97-497219,41,science,easy,D,D,True,1.0,1,1789990240.5300515
71,sess-71-497219,57,geography,easy,D,C,False,0.0,1,1789990888.692092
116,sess-116-497219,57,geography,easy,B,C,False,0.0,3,1789991536.8541324
174,sess-174-497220,23,history,medium,B,C,False,0.0,2,1789992185.0161731
151,sess-151-497220,27,movies,hard,C,B,False,0.0,2,1789992833.1782136
80,sess-80-497220,13,geography,medium,A,A,True,1.0,1,1789993481.340254
134,sess-134-497220,45,movies,medium,D,D,True,1.0,2,1789994129.5022945
157,sess-157-497220,8,history,medium,B,D,False,0.0,1,1789994777.664335
146,sess-146-497220,51,movies,easy,B,C,False,0.0,1,1789995425.8263755
29,sess-29-497221,1,science,hard,D,A,False,0.0,1,1789996073.9884162
38,sess-38-497221,30,music,medium,D,B,False,0.0,2,1789996722.1504567
75,sess-75-497221,40,history,easy,A,C,False,0.0,1,1789997370.3124971
78,sess-78-497221,32,sports,medium,C,C,True,1.0,1,1789998018.4745376
76,sess-76-497221,1,science,hard,B,A,False,0.0,1,1789998666.636578
73,sess-73-497222,53,history,medium,A,B,False,0.0,1,1789999314.7986186
126,sess-126-497222,20,geography,easy,B,B,True,1.0,1,1789999962.9606593
91,sess-91-497222,43,music,medium,A,B,False,0.0,2,1790000611.1226997
65,sess-65-497222,9,science,easy,C,C,True,1.0,2,1790001259.2847402
73,sess-73-497222,51,movies,easy,D,C,False,0.0,1,1790001907.4467807
197,sess-197-497222,36,history,medium,D,D,True,1.0,3,1790002555.6088212
23,sess-23-497223,46,music,hard,A,A,True,1.0,1,1790003203.7708616
188,sess-188-497223,13,geography,medium,B,A,False,0.0,1,1790003851.9329023
75,sess-75-497223,15,movies,easy,D,D,True,1.0,1,1790004500.0949428
91,sess-91-497223,16,science,hard,C,D,False,0.0,1,1790005148.2569833
99,sess-99-497223,28,history,medium,B,B,True,1.0,1,1790005796.4190238
26,sess-26-497224,58,history,hard,A,A,True,1.0,1,1790006444.5810642
78,sess-78-497224,39,movies,medium,D,D,True,1.0,1,1790007092.7431047
145,sess-145-497224,28,history,medium,C,B,False,0.0,1,1790007740.9051452
149,sess-149-497224,9,science,easy,A,C,False,0.0,1,1790008389.0671859
65,sess-65-497224,9,science,easy,A,C,False,0.0,3,1790009037.2292264
78,sess-78-497224,20,geography,easy,B,B,True,1.0,2,1790009685.3912668
146,sess-146-497225,60,science,hard,C,D,False,0.0,1,1790010333.5533073
47,sess-47-497225,25,music,hard,B,C,False,0.0,1,1790010981.7153478
25,sess-25-497225,9,science,easy,D,C,False,0.0,1,1790011629.8773882
81,sess-81-497225,33,history,hard,D,A,False,0.0,1,1790012278.039429
92,sess-92-497225,30,music,medium,B,B,True,1.0,1,1790012926.2014694
120,sess-120-497225,27,movies,hard,C,B,False,0.0,1,1790013574.36351
8,sess-8-497226,59,science,hard,C,A,False,0.0,1,1790014222.5255504
23,sess-23-497226,49,geography,medium,A,A,True,1.0,1,1790014870.6875908
78,sess-78-497226,51,movies,easy,C,C,True,1.0,2,1790015518.8496313
132,sess-132-497226,24,history,hard,C,C,True,1.0,1,1790016167.011672
140,sess-140-497226,58,history,hard,C,A,False,0.0,1,1790016815.1737125
14,sess-14-497227,49,geography,medium,B,A,False,0.0,1,1790017463.335753
104,sess-104-497227,43,music,medium,B,B,True,1.0,2,1790018111.4977934
196,sess-196-497227,56,science,easy,A,D,False,0.0,1,1790018759.659834
22,sess-22-497227,4,movies,medium,A,A,True,1.0,1,1790019407.8218744
167,sess-167-497227,7,movies,easy,A,A,True,1.0,1,1790020055.983915
25,sess-25-497227,53,history,medium,B,B,True,1.0,1,1790020704.1459556
124,sess-124-497228,45,movies,medium,D,D,True,1.0,1,1790021352.307996
16,sess-16-497228,8,history,medium,C,D,False,0.0,1,1790022000.4700365
131,sess-131-497228,48,music,medium,D,C,False,0.0,1,1790022648.632077
53,sess-53-497228,34,history,hard,C,C,True,1.0,2,1790023296.7941175
190,sess-190-497228,32,sports,medium,C,C,True,1.0,1,1790023944.956158
173,sess-173-497229,41,science,easy,B,D,False,0.0,1,1790024593.1181986
161,sess-161-497229,20,geography,easy,A,B,False,0.0,2,1790025241.280239
125,sess-125-497229,40,history,easy,A,C,False,0.0,1,1790025889.4422796
18,sess-18-497229,1,science,hard,A,A,True,1.0,2,1790026537.60432
31,sess-31-497229,34,history,hard,C,C,True,1.0,1,1790027185.7663605
53,sess-53-497229,7,movies,easy,D,A,False,0.0,1,1790027833.928401
114,sess-114-497230,26,movies,hard,A,A,True,1.0,1,1790028482.0904417
32,sess-32-497230,20,geography,easy,A,B,False,0.0,1,1790029130.2524822
61,sess-61-497230,54,movies,hard,C,B,False,0.0,1,1790029778.4145226
157,sess-157-497230,44,sports,medium,D,A,False,0.0,1,1790030426.5765631
158,sess-158-497230,8,history,medium,C,D,False,0.0,1,1790031074.7386036
6,sess-6-497231,12,science,medium,A,A,True,1.0,2,1790031722.900644
191,sess-191-497231,43,music,medium,B,B,True,1.0,1,1790032371.0626848
131,sess-131-497231,48,music,medium,A,C,False,0.0,2,1790033019.2247252
122,sess-122-497231,31,history,easy,A,A,True,1.0,1,1790033667.3867657
171,sess-171-497231,7,movies,easy,C,A,False,0.0,1,1790034315.5488062
95,sess-95-497231,43,music,medium,B,B,True,1.0,1,1790034963.7108467
99,sess-99-497232,45,movies,medium,B,D,False,0.0,2,1790035611.8728871
107,sess-107-497232,53,history,medium,A,B,False,0.0,1,1790036260.0349278
73,sess-73-497232,30,music,medium,B,B,True,1.0,2,1790036908.1969683
100,sess-100-497232,1,science,hard,B,A,False,0.0,1,1790037556.3590088
166,sess-166-497232,42,history,hard,D,A,False,0.0,1,1790038204.5210493
